N,P,K,pH,Humidity,Temperature,Rainfall,CropYield,District,SoilType,CropName
55,25,40,6.3,80,24,800,920,Dakshin Dinajpur,Alluvial Soil,Jute
52,22,38,6.2,79,23,780,900,Dakshin Dinajpur,Alluvial Soil,Jute
56,26,42,6.4,81,25,820,940,Dakshin Dinajpur,Alluvial Soil,Jute
53,23,39,6.1,78,26,790,910,Dakshin Dinajpur,Alluvial Soil,Jute
54,24,41,6.5,82,24,810,930,Dakshin Dinajpur,Alluvial Soil,Jute
90,45,70,5.8,75,29,950,1150,Dakshin Dinajpur,Alluvial Soil,Sugarcane
88,42,68,5.7,74,28,930,1120,Dakshin Dinajpur,Alluvial Soil,Sugarcane
92,46,72,5.9,76,27,970,1180,Dakshin Dinajpur,Alluvial Soil,Sugarcane
89,43,69,5.6,73,30,940,1140,Dakshin Dinajpur,Alluvial Soil,Sugarcane
91,44,71,6,77,26,960,1160,Dakshin Dinajpur,Alluvial Soil,Sugarcane
40,20,30,6.6,80,27,720,880,Dakshin Dinajpur,Alluvial Soil,Wheat
38,18,28,6.8,82,24,700,860,Dakshin Dinajpur,Alluvial Soil,Wheat
42,22,32,6.5,79,26,730,900,Dakshin Dinajpur,Alluvial Soil,Wheat
39,19,29,6.7,81,25,710,880,Dakshin Dinajpur,Alluvial Soil,Wheat
41,21,31,6.4,78,27,740,910,Dakshin Dinajpur,Alluvial Soil,Wheat
85,42,62,6,79,27,880,1030,Dakshin Dinajpur,Alluvial Soil,Potatoes
82,38,60,6.2,80,26,860,1000,Dakshin Dinajpur,Alluvial Soil,Potatoes
88,44,65,6.4,82,25,900,1070,Dakshin Dinajpur,Alluvial Soil,Potatoes
86,40,63,6.1,78,28,890,1050,Dakshin Dinajpur,Alluvial Soil,Potatoes
89,45,66,6.5,81,24,910,1090,Dakshin Dinajpur,Alluvial Soil,Potatoes
65,30,45,6.5,77,28,820,970,Dakshin Dinajpur,Alluvial Soil,Maize
70,35,50,6.4,76,25,850,1000,Dakshin Dinajpur,Alluvial Soil,Maize
68,32,48,6.6,79,27,830,990,Dakshin Dinajpur,Alluvial Soil,Maize
72,36,52,6.3,78,26,880,1040,Dakshin Dinajpur,Alluvial Soil,Maize
70,34,50,6.7,82,24,860,1020,Dakshin Dinajpur,Alluvial Soil,Maize
55,26,40,6.4,78,25,760,890,Dakshin Dinajpur,Alluvial Soil,Cucumbers
53,24,38,6.3,77,24,740,870,Dakshin Dinajpur,Alluvial Soil,Cucumbers
57,28,42,6.5,79,23,780,910,Dakshin Dinajpur,Alluvial Soil,Cucumbers
54,25,39,6.2,76,26,750,880,Dakshin Dinajpur,Alluvial Soil,Cucumbers
56,27,41,6.6,80,22,770,900,Dakshin Dinajpur,Alluvial Soil,Cucumbers
60,28,45,6.5,80,26,780,920,Dakshin Dinajpur,Alluvial Soil,Okra
58,26,43,6.4,79,25,760,900,Dakshin Dinajpur,Alluvial Soil,Okra
62,30,47,6.6,81,24,800,940,Dakshin Dinajpur,Alluvial Soil,Okra
59,27,44,6.3,78,27,770,910,Dakshin Dinajpur,Alluvial Soil,Okra
61,29,46,6.7,82,25,790,930,Dakshin Dinajpur,Alluvial Soil,Okra
70,32,50,6.3,82,24,850,970,Dakshin Dinajpur,Alluvial Soil,Tomatoes
72,34,52,6.2,81,23,870,990,Dakshin Dinajpur,Alluvial Soil,Tomatoes
68,30,48,6.5,83,22,830,950,Dakshin Dinajpur,Alluvial Soil,Tomatoes
75,36,55,6.4,82,25,890,1010,Dakshin Dinajpur,Alluvial Soil,Tomatoes
73,33,53,6.6,84,21,860,980,Dakshin Dinajpur,Alluvial Soil,Tomatoes
40,18,30,6.6,75,28,700,850,Dakshin Dinajpur,Alluvial Soil,Mustard and Sesame
38,16,28,6.5,74,27,680,820,Dakshin Dinajpur,Alluvial Soil,Mustard and Sesame
42,20,32,6.7,76,26,710,870,Dakshin Dinajpur,Alluvial Soil,Mustard and Sesame
39,17,29,6.4,73,29,690,840,Dakshin Dinajpur,Alluvial Soil,Mustard and Sesame
41,19,31,6.8,77,25,720,880,Dakshin Dinajpur,Alluvial Soil,Mustard and Sesame
55,30,45,6,77,28,800,920,Dakshin Dinajpur,Alluvial Soil,Black Gram
52,28,42,6.2,79,27,780,900,Dakshin Dinajpur,Alluvial Soil,Black Gram
56,32,46,6.1,78,26,810,930,Dakshin Dinajpur,Alluvial Soil,Black Gram
53,29,43,6.3,80,25,790,910,Dakshin Dinajpur,Alluvial Soil,Black Gram
54,31,44,6.4,81,24,820,940,Dakshin Dinajpur,Alluvial Soil,Black Gram
45,20,35,6.5,78,26,750,880,Dakshin Dinajpur,Alluvial Soil,Mung Bean
42,18,33,6.4,77,25,730,860,Dakshin Dinajpur,Alluvial Soil,Mung Bean
46,22,37,6.6,80,24,770,900,Dakshin Dinajpur,Alluvial Soil,Mung Bean
43,19,34,6.3,79,27,740,870,Dakshin Dinajpur,Alluvial Soil,Mung Bean
44,21,36,6.7,81,25,760,890,Dakshin Dinajpur,Alluvial Soil,Mung Bean
50,25,40,6.2,79,27,800,900,Dakshin Dinajpur,Alluvial Soil,Pigeon Pea
48,22,38,6.1,78,26,780,880,Dakshin Dinajpur,Alluvial Soil,Pigeon Pea
52,28,42,6.3,80,25,820,920,Dakshin Dinajpur,Alluvial Soil,Pigeon Pea
49,24,39,6,77,28,790,890,Dakshin Dinajpur,Alluvial Soil,Pigeon Pea
51,26,41,6.4,81,24,810,910,Dakshin Dinajpur,Alluvial Soil,Pigeon Pea
115,58,78,5.67,32,62,2000,1900,Cooch Behar,Sandy Soil,Potato
110,55,75,5.77,42,71,1950,1850,Cooch Behar,Sandy Soil,Potato
125,62,85,5.87,62,52,2050,1950,Cooch Behar,Sandy Soil,Potato
120,60,80,5.77,42,82,2020,1920,Cooch Behar,Sandy Soil,Potato
130,65,90,6.07,83,30,2100,2000,Cooch Behar,Sandy Soil,Potato
80,38,48,5.2,69,23,1750,1520,Cooch Behar,Sandy Soil,Pulses
85,42,52,5.3,71,24,1800,1580,Cooch Behar,Sandy Soil,Pulses
78,36,46,5.1,68,22,1680,1420,Cooch Behar,Sandy Soil,Pulses
90,44,54,5.4,72,25,1850,1660,Cooch Behar,Sandy Soil,Pulses
95,48,60,5.5,74,26,1920,1720,Cooch Behar,Sandy Soil,Pulses
102,50,70,5.8,77,28,2080,1960,Cooch Behar,Sandy Soil,Maize
95,48,68,5.7,76,27,2020,1900,Cooch Behar,Sandy Soil,Maize
108,52,72,5.9,78,26,2100,2000,Cooch Behar,Sandy Soil,Maize
98,46,66,5.6,75,25,1950,1850,Cooch Behar,Sandy Soil,Maize
105,54,74,6,80,29,2150,2100,Cooch Behar,Sandy Soil,Maize
102,50,70,5.8,77,28,2080,1960,Cooch Behar,Sandy Soil,Maize
95,48,68,5.7,76,27,2020,1900,Cooch Behar,Sandy Soil,Maize
108,52,72,5.9,78,26,2100,2000,Cooch Behar,Sandy Soil,Maize
98,46,66,5.6,75,25,1950,1850,Cooch Behar,Sandy Soil,Maize
105,54,74,6,80,29,2150,2100,Cooch Behar,Sandy Soil,Maize
80,38,58,5.4,71,25,1920,1620,Cooch Behar,Sandy Soil,Wheat
82,40,60,5.5,73,27,1950,1680,Cooch Behar,Sandy Soil,Wheat
85,42,62,5.6,75,28,1980,1740,Cooch Behar,Sandy Soil,Wheat
78,36,56,5.3,70,24,1880,1560,Cooch Behar,Sandy Soil,Wheat
88,44,64,5.7,76,26,2020,1800,Cooch Behar,Sandy Soil,Wheat
70,35,46,5,68,23,1850,1350,Cooch Behar,Sandy Soil,Jute
68,33,44,4.9,67,25,1800,1300,Cooch Behar,Sandy Soil,Jute
72,36,48,5.2,70,26,1950,1400,Cooch Behar,Sandy Soil,Jute
75,38,50,5.3,72,24,2000,1450,Cooch Behar,Sandy Soil,Jute
78,40,52,5.4,74,23,2050,1500,Cooch Behar,Sandy Soil,Jute
115,58,78,5.6,73,26,2000,1800,Cooch Behar,Sandy Soil,Rice
105,52,72,5.5,75,28,1900,1700,Cooch Behar,Sandy Soil,Rice
120,60,80,5.7,74,27,1950,1850,Cooch Behar,Sandy Soil,Rice
125,62,85,5.8,76,25,2050,1900,Cooch Behar,Sandy Soil,Rice
110,55,75,5.6,72,24,1980,1750,Cooch Behar,Sandy Soil,Rice
48,24,35,6.7,68,28,1550,700,Bankura,Black Soil,Cashew
45,22,32,6.5,70,26,1450,680,Bankura,Black Soil,Cashew
50,26,38,6.8,67,29,1600,720,Bankura,Black Soil,Cashew
46,23,34,6.6,69,27,1500,700,Bankura,Black Soil,Cashew
52,28,40,7,66,30,1650,750,Bankura,Black Soil,Cashew
28,14,20,6.1,80,23,1450,180,Bankura,Black Soil,Summer Til
30,15,22,6.3,77,25,1500,200,Bankura,Black Soil,Summer Til
26,12,18,5.9,82,24,1400,160,Bankura,Black Soil,Summer Til
32,16,25,6.2,78,26,1550,220,Bankura,Black Soil,Summer Til
34,18,27,6.5,75,24,1650,240,Bankura,Black Soil,Summer Til
32,16,25,6.2,78,26,1600,300,Bankura,Black Soil,Mustard
30,15,22,6.1,79,27,1550,280,Bankura,Black Soil,Mustard
34,18,27,6.3,77,25,1650,320,Bankura,Black Soil,Mustard
28,14,20,6,80,23,1500,260,Bankura,Black Soil,Mustard
36,20,30,6.5,75,24,1700,340,Bankura,Black Soil,Mustard
60,30,42,6.6,74,23,1320,550,Bankura,Black Soil,Cucumbers
65,35,46,6.8,72,22,1400,580,Bankura,Black Soil,Cucumbers
58,28,40,6.5,76,25,1250,520,Bankura,Black Soil,Cucumbers
62,32,44,6.7,73,24,1360,560,Bankura,Black Soil,Cucumbers
68,34,48,7,70,26,1450,600,Bankura,Black Soil,Cucumbers
80,40,55,6.1,78,26,1650,800,Bankura,Black Soil,Jackfruit
85,43,58,6.3,77,25,1700,820,Bankura,Black Soil,Jackfruit
78,38,52,6,80,23,1600,780,Bankura,Black Soil,Jackfruit
82,42,56,6.2,79,24,1750,800,Bankura,Black Soil,Jackfruit
88,45,60,6.5,76,27,1850,850,Bankura,Black Soil,Jackfruit
40,20,30,6.4,76,25,1180,400,Bankura,Black Soil,Guava
38,18,28,6.3,78,24,1160,380,Bankura,Black Soil,Guava
42,22,32,6.5,74,26,1200,420,Bankura,Black Soil,Guava
45,25,35,6.7,72,27,1250,450,Bankura,Black Soil,Guava
40,20,30,6.4,76,25,1180,400,Bankura,Black Soil,Guava
55,28,38,6.3,72,25,1450,600,Bankura,Black Soil,Papaya
58,30,40,6.5,70,26,1500,620,Bankura,Black Soil,Papaya
52,26,36,6.1,75,24,1400,580,Bankura,Black Soil,Papaya
60,32,42,6.7,68,28,1550,650,Bankura,Black Soil,Papaya
65,35,46,7,66,29,1600,700,Bankura,Black Soil,Papaya
70,35,48,6.8,75,24,1500,1000,Bankura,Black Soil,Banana
75,38,52,7,74,25,1550,1050,Bankura,Black Soil,Banana
68,34,46,6.6,76,23,1450,950,Bankura,Black Soil,Banana
80,40,55,7.2,72,26,1600,1100,Bankura,Black Soil,Banana
85,43,58,7.5,70,28,1650,1150,Bankura,Black Soil,Banana
90,45,62,6.1,80,27,1750,800,Bankura,Black Soil,Mango
95,48,65,6,79,28,1800,820,Bankura,Black Soil,Mango
88,42,58,6.2,82,25,1700,780,Bankura,Black Soil,Mango
92,46,62,5.9,81,24,1850,800,Bankura,Black Soil,Mango
98,50,68,6.3,78,26,1900,850,Bankura,Black Soil,Mango
120,60,80,5.8,82,26,1850,1750,Bankura,Black Soil,Potatoes
110,55,75,5.7,81,25,1820,1680,Bankura,Black Soil,Potatoes
125,62,85,6,80,23,1900,1800,Bankura,Black Soil,Potatoes
105,52,72,5.9,83,24,1750,1620,Bankura,Black Soil,Potatoes
115,58,78,5.6,85,26,1880,1700,Bankura,Black Soil,Potatoes
55,28,38,6.8,70,26,1500,1100,Bankura,Black Soil,Oilseeds
58,30,40,7,68,27,1550,1150,Bankura,Black Soil,Oilseeds
52,26,36,6.6,72,25,1450,1050,Bankura,Black Soil,Oilseeds
60,32,42,7.2,66,28,1600,1200,Bankura,Black Soil,Oilseeds
65,35,46,7.5,64,30,1650,1250,Bankura,Black Soil,Oilseeds
40,20,30,6.5,75,24,1200,800,Bankura,Black Soil,Pulses
38,18,28,6.4,76,25,1180,780,Bankura,Black Soil,Pulses
42,22,32,6.6,74,23,1220,820,Bankura,Black Soil,Pulses
45,25,35,6.8,72,22,1280,860,Bankura,Black Soil,Pulses
40,20,30,6.5,75,24,1200,800,Bankura,Black Soil,Pulses
85,40,55,6.2,78,26,1650,1200,Bankura,Black Soil,Wheat
90,45,60,6,80,25,1600,1300,Bankura,Black Soil,Wheat
88,42,58,6.1,79,27,1700,1250,Bankura,Black Soil,Wheat
92,48,62,5.9,81,23,1750,1350,Bankura,Black Soil,Wheat
95,46,65,6,79,27,1720,1300,Bankura,Black Soil,Wheat
98,48,68,5.6,85,26,1880,1900,Bankura,Black Soil,Rice
105,52,72,5.7,84,25,1900,1950,Bankura,Black Soil,Rice
92,45,62,5.5,82,27,1950,1850,Bankura,Black Soil,Rice
110,55,75,5.7,86,28,2000,2000,Bankura,Black Soil,Rice
100,50,70,5.8,83,24,1820,1920,Bankura,Black Soil,Rice
100,50,70,5.9,81,23,1750,2000,Howrah,Alluvial Soil,Sugarcane
98,48,68,5.8,82,24,1700,1950,Howrah,Alluvial Soil,Sugarcane
105,52,75,6.2,78,25,1800,2100,Howrah,Alluvial Soil,Sugarcane
95,47,65,5.6,83,22,1600,1900,Howrah,Alluvial Soil,Sugarcane
110,55,80,6.3,77,26,1900,2200,Howrah,Alluvial Soil,Sugarcane
60,30,40,5.9,79,25,1600,1200,Howrah,Alluvial Soil,Potato
58,29,38,5.8,80,24,1500,1150,Howrah,Alluvial Soil,Potato
62,31,42,6.2,76,26,1700,1300,Howrah,Alluvial Soil,Potato
55,28,35,5.6,82,23,1400,1100,Howrah,Alluvial Soil,Potato
65,32,45,6.3,75,27,1800,1400,Howrah,Alluvial Soil,Potato
80,40,60,5.5,81,23,1200,500,Howrah,Alluvial Soil,Jute
78,39,58,5.6,80,24,1300,480,Howrah,Alluvial Soil,Jute
82,41,62,5.8,78,25,1400,550,Howrah,Alluvial Soil,Jute
76,38,56,5.3,82,22,1100,450,Howrah,Alluvial Soil,Jute
85,42,65,6,77,26,1500,600,Howrah,Alluvial Soil,Jute
50,25,35,5.9,79,25,1600,900,Howrah,Alluvial Soil,Maize
48,24,32,5.8,80,24,1500,850,Howrah,Alluvial Soil,Maize
52,26,38,6.2,76,26,1700,950,Howrah,Alluvial Soil,Maize
45,22,30,5.6,82,23,1400,800,Howrah,Alluvial Soil,Maize
55,28,40,6.3,75,27,1800,1050,Howrah,Alluvial Soil,Maize
30,15,22,5.7,80,24,1300,400,Howrah,Alluvial Soil,Pulses
28,14,20,5.5,82,23,1200,380,Howrah,Alluvial Soil,Pulses
32,16,24,6,77,26,1400,450,Howrah,Alluvial Soil,Pulses
26,13,18,5.4,83,22,1100,350,Howrah,Alluvial Soil,Pulses
35,18,28,6.2,75,27,1500,500,Howrah,Alluvial Soil,Pulses
40,20,30,5.5,81,23,1200,500,Howrah,Alluvial Soil,Mustard
38,19,28,5.6,80,24,1300,480,Howrah,Alluvial Soil,Mustard
42,21,32,5.8,78,25,1400,550,Howrah,Alluvial Soil,Mustard
36,18,26,5.3,82,22,1100,450,Howrah,Alluvial Soil,Mustard
45,22,35,6,77,26,1500,600,Howrah,Alluvial Soil,Mustard
85,42,58,6,78,25,1600,1900,Howrah,Alluvial Soil,Wheat
80,40,55,5.8,80,24,1500,1800,Howrah,Alluvial Soil,Wheat
90,45,60,6.2,76,26,1700,2000,Howrah,Alluvial Soil,Wheat
75,38,52,5.5,82,23,1400,1700,Howrah,Alluvial Soil,Wheat
95,48,65,6.3,75,27,1800,2100,Howrah,Alluvial Soil,Wheat
80,40,50,5.9,79,25,1600,900,Jhargram,Laterite Soil,Tapioca (Cassava)
78,38,48,5.8,80,24,1500,850,Jhargram,Laterite Soil,Tapioca (Cassava)
82,42,55,6.2,76,26,1700,1000,Jhargram,Laterite Soil,Tapioca (Cassava)
75,37,45,5.6,82,23,1400,800,Jhargram,Laterite Soil,Tapioca (Cassava)
85,43,60,6.3,75,27,1800,1100,Jhargram,Laterite Soil,Tapioca (Cassava)
90,45,60,5.9,79,25,1600,1200,Jhargram,Laterite Soil,Rubber
88,44,58,5.8,80,24,1500,1150,Jhargram,Laterite Soil,Rubber
92,46,62,6.2,76,26,1700,1300,Jhargram,Laterite Soil,Rubber
85,42,55,5.6,82,23,1400,1100,Jhargram,Laterite Soil,Rubber
95,48,65,6.3,75,27,1800,1400,Jhargram,Laterite Soil,Rubber
50,25,35,5.9,79,25,1600,700,Jhargram,Laterite Soil,Cashew
48,24,32,5.8,80,24,1500,650,Jhargram,Laterite Soil,Cashew
52,26,38,6.2,76,26,1700,750,Jhargram,Laterite Soil,Cashew
45,22,30,5.6,82,23,1400,600,Jhargram,Laterite Soil,Cashew
55,28,40,6.3,75,27,1800,800,Jhargram,Laterite Soil,Cashew
20,10,15,5.9,78,25,1600,300,Jhargram,Laterite Soil,Pulses (Green Gram)
18,9,14,5.8,80,24,1500,275,Jhargram,Laterite Soil,Pulses (Green Gram)
22,11,16,6.2,76,26,1700,325,Jhargram,Laterite Soil,Pulses (Green Gram)
16,8,12,5.6,82,23,1400,250,Jhargram,Laterite Soil,Pulses (Green Gram)
25,12,18,6.3,75,27,1800,350,Jhargram,Laterite Soil,Pulses (Green Gram)
35,15,25,5.9,79,25,1600,600,Jhargram,Laterite Soil,Pearl Millet (Bajra)
32,14,22,5.8,80,24,1500,550,Jhargram,Laterite Soil,Pearl Millet (Bajra)
38,17,28,6.2,76,26,1700,650,Jhargram,Laterite Soil,Pearl Millet (Bajra)
30,13,20,5.6,82,23,1400,500,Jhargram,Laterite Soil,Pearl Millet (Bajra)
40,18,30,6.3,75,27,1800,700,Jhargram,Laterite Soil,Pearl Millet (Bajra)
40,20,30,5.9,78,25,1600,800,Jhargram,Laterite Soil,Sorghum (Jowar)
38,19,28,5.8,80,24,1500,750,Jhargram,Laterite Soil,Sorghum (Jowar)
42,21,32,6.2,76,26,1700,900,Jhargram,Laterite Soil,Sorghum (Jowar)
36,18,26,5.6,82,23,1400,700,Jhargram,Laterite Soil,Sorghum (Jowar)
45,22,35,6.3,75,27,1800,950,Jhargram,Laterite Soil,Sorghum (Jowar)
55,28,40,5.9,79,25,1600,1050,Jhargram,Laterite Soil,Maize
52,26,38,5.8,80,24,1500,950,Jhargram,Laterite Soil,Maize
58,30,45,6.2,76,26,1700,1100,Jhargram,Laterite Soil,Maize
50,25,35,5.6,82,23,1400,900,Jhargram,Laterite Soil,Maize
60,32,50,6.3,75,27,1800,1200,Jhargram,Laterite Soil,Maize
45,22,30,5.9,79,25,1600,800,Jhargram,Laterite Soil,Rice
42,20,28,5.8,80,24,1500,750,Jhargram,Laterite Soil,Rice
48,24,32,6.2,76,26,1700,900,Jhargram,Laterite Soil,Rice
40,18,26,5.6,82,23,1400,700,Jhargram,Laterite Soil,Rice
50,26,35,6.3,75,27,1800,950,Jhargram,Laterite Soil,Rice
110,55,75,5.6,83,26,1880,2000,Malda,Red & Laterite Soil,Rice
108,52,72,5.6,83,26,1880,1950,Malda,Red & Laterite Soil,Rice
112,58,78,5.6,83,26,1880,2050,Malda,Red & Laterite Soil,Rice
106,50,70,5.6,83,26,1880,1900,Malda,Red & Laterite Soil,Rice
114,60,80,5.6,83,26,1880,2100,Malda,Red & Laterite Soil,Rice
75,38,50,5.8,80,28,1800,3500,Malda,Red & Laterite Soil,Maize
78,40,52,5.8,80,28,1800,3600,Malda,Red & Laterite Soil,Maize
72,36,48,5.8,80,28,1800,3400,Malda,Red & Laterite Soil,Maize
80,42,54,5.8,80,28,1800,3700,Malda,Red & Laterite Soil,Maize
76,39,51,5.8,80,28,1800,3550,Malda,Red & Laterite Soil,Maize
40,20,30,6.2,75,27,1600,800,Malda,Red & Laterite Soil,Pulses (Pigeon Pea)
42,22,32,6.2,75,27,1600,850,Malda,Red & Laterite Soil,Pulses (Black Gram)
38,18,28,6.2,75,27,1600,780,Malda,Red & Laterite Soil,Pulses (Mung Bean)
44,24,34,6.2,75,27,1600,900,Malda,Red & Laterite Soil,Pulses (Pigeon Pea)
41,21,31,6.2,75,27,1600,820,Malda,Red & Laterite Soil,Pulses (Black Gram)
45,23,33,6.2,75,27,1600,920,Malda,Red & Laterite Soil,Pulses (Mung Bean)
46,25,35,6.2,75,27,1600,950,Malda,Red & Laterite Soil,Pulses (Pigeon Pea)
43,22,32,6.2,75,27,1600,870,Malda,Red & Laterite Soil,Pulses (Black Gram)
39,19,29,6.2,75,27,1600,800,Malda,Red & Laterite Soil,Pulses (Mung Bean)
48,26,36,6.2,75,27,1600,980,Malda,Red & Laterite Soil,Pulses (Pigeon Pea)
60,30,40,5.7,82,25,1750,1200,Malda,Red & Laterite Soil,Sorghum (Jowar)
62,32,42,5.7,82,25,1750,1250,Malda,Red & Laterite Soil,Sorghum (Jowar)
58,28,38,5.7,82,25,1750,1150,Malda,Red & Laterite Soil,Sorghum (Jowar)
64,34,44,5.7,82,25,1750,1300,Malda,Red & Laterite Soil,Sorghum (Jowar)
59,29,39,5.7,82,25,1750,1170,Malda,Red & Laterite Soil,Sorghum (Jowar)
65,35,45,5.7,82,25,1750,1320,Malda,Red & Laterite Soil,Sorghum (Jowar)
61,31,41,5.7,82,25,1750,1220,Malda,Red & Laterite Soil,Sorghum (Jowar)
63,33,43,5.7,82,25,1750,1270,Malda,Red & Laterite Soil,Sorghum (Jowar)
57,27,37,5.7,82,25,1750,1100,Malda,Red & Laterite Soil,Sorghum (Jowar)
68,38,48,5.7,82,25,1750,1380,Malda,Red & Laterite Soil,Sorghum (Jowar)
45,25,35,6,78,26,1680,1500,Malda,Red & Laterite Soil,Groundnut
47,27,37,6,78,26,1680,1550,Malda,Red & Laterite Soil,Groundnut
43,23,33,6,78,26,1680,1450,Malda,Red & Laterite Soil,Groundnut
49,29,39,6,78,26,1680,1600,Malda,Red & Laterite Soil,Groundnut
46,26,36,6,78,26,1680,1520,Malda,Red & Laterite Soil,Groundnut
50,30,40,6,78,26,1680,1650,Malda,Red & Laterite Soil,Groundnut
48,28,38,6,78,26,1680,1580,Malda,Red & Laterite Soil,Groundnut
52,32,42,6,78,26,1680,1700,Malda,Red & Laterite Soil,Groundnut
44,24,34,6,78,26,1680,1480,Malda,Red & Laterite Soil,Groundnut
55,35,45,6,78,26,1680,1750,Malda,Red & Laterite Soil,Groundnut
80,40,60,5.8,85,23,1800,8000,Malda,Red & Laterite Soil,Sugarcane
82,42,62,5.8,85,23,1800,8200,Malda,Red & Laterite Soil,Sugarcane
78,38,58,5.8,85,23,1800,7800,Malda,Red & Laterite Soil,Sugarcane
84,44,64,5.8,85,23,1800,8400,Malda,Red & Laterite Soil,Sugarcane
79,39,59,5.8,85,23,1800,7900,Malda,Red & Laterite Soil,Sugarcane
40,20,30,5.5,78,24,1200,800,Purulia,Red Soil,Pearl Millet
45,25,35,5.7,80,26,1300,850,Purulia,Red Soil,Pearl Millet
38,18,28,5.3,76,23,1150,780,Purulia,Red Soil,Pearl Millet
42,22,32,5.6,79,25,1250,820,Purulia,Red Soil,Pearl Millet
37,17,27,5.2,75,22,1100,750,Purulia,Red Soil,Pearl Millet
35,15,25,5.8,80,23,1100,600,Purulia,Red Soil,Finger Millet
40,18,28,6,82,25,1200,650,Purulia,Red Soil,Finger Millet
32,12,22,5.6,78,24,1050,580,Purulia,Red Soil,Finger Millet
38,16,24,5.9,81,23,1150,620,Purulia,Red Soil,Finger Millet
30,10,20,5.5,77,22,1000,550,Purulia,Red Soil,Finger Millet
30,15,25,5.5,75,24,1000,500,Purulia,Red Soil,Sorghum (Jowar)
35,20,30,5.7,77,26,1100,550,Purulia,Red Soil,Sorghum (Jowar)
28,13,23,5.3,74,23,950,480,Purulia,Red Soil,Sorghum (Jowar)
32,18,27,5.6,76,25,1050,520,Purulia,Red Soil,Sorghum (Jowar)
26,12,22,5.2,73,22,900,450,Purulia,Red Soil,Sorghum (Jowar)
40,20,30,5.8,78,26,1200,900,Purulia,Red Soil,Groundnut
45,25,35,6,80,28,1300,950,Purulia,Red Soil,Groundnut
38,18,28,5.6,76,25,1150,870,Purulia,Red Soil,Groundnut
42,22,32,5.9,79,25,1250,920,Purulia,Red Soil,Groundnut
37,17,27,5.5,75,24,1100,850,Purulia,Red Soil,Groundnut
25,12,20,5.5,80,28,950,400,Purulia,Red Soil,Pigeon Pea
30,15,25,5.7,82,24,1000,420,Purulia,Red Soil,Pigeon Pea
22,10,18,5.3,78,26,900,380,Purulia,Red Soil,Pigeon Pea
28,14,22,5.6,81,23,980,400,Purulia,Red Soil,Pigeon Pea
20,8,16,5.2,77,25,850,350,Purulia,Red Soil,Pigeon Pea
50,20,30,5.8,82,28,1800,1380,Purulia,Red & Laterite Soil,Sorghum (Jowar)
55,22,33,5.8,82,28,1800,1420,Purulia,Red & Laterite Soil,Sorghum (Jowar)
48,18,28,5.8,82,28,1800,1350,Purulia,Red & Laterite Soil,Sorghum (Jowar)
58,24,36,5.8,82,28,1800,1450,Purulia,Red & Laterite Soil,Sorghum (Jowar)
52,21,32,5.8,82,28,1800,1400,Purulia,Red & Laterite Soil,Sorghum (Jowar)
25,12,20,5.5,80,28,950,400,Purulia,Red Soil,Mung Bean
30,15,25,5.7,82,24,1000,420,Purulia,Red Soil,Mung Bean
22,10,18,5.3,78,26,900,380,Purulia,Red Soil,Mung Bean
28,14,22,5.6,81,23,980,400,Purulia,Red Soil,Mung Bean
20,8,16,5.2,77,25,850,350,Purulia,Red Soil,Mung Bean
25,12,20,5.5,80,28,950,400,Purulia,Red Soil,Black Gram
30,15,25,5.7,82,24,1000,420,Purulia,Red Soil,Black Gram
22,10,18,5.3,78,26,900,380,Purulia,Red Soil,Black Gram
28,14,22,5.6,81,23,980,400,Purulia,Red Soil,Black Gram
20,8,16,5.2,77,25,850,350,Purulia,Red Soil,Black Gram
30,15,25,5.5,80,28,1000,700,Purulia,Red Soil,Tomatoes
35,20,30,5.7,82,24,1100,750,Purulia,Red Soil,Tomatoes
28,13,23,5.3,78,26,950,680,Purulia,Red Soil,Tomatoes
32,18,27,5.6,81,23,1050,720,Purulia,Red Soil,Tomatoes
26,12,22,5.2,77,25,900,670,Purulia,Red Soil,Tomatoes
35,18,28,5.8,78,26,1150,800,Purulia,Red Soil,Beans
40,23,33,6,80,28,1250,850,Purulia,Red Soil,Beans
32,15,25,5.6,76,25,1100,780,Purulia,Red Soil,Beans
37,20,30,5.9,79,25,1200,820,Purulia,Red Soil,Beans
30,13,23,5.5,75,24,1050,750,Purulia,Red Soil,Beans
45,27,38,5.8,82,28,1800,1400,Purulia,Red & Laterite Soil,Beans
50,30,42,5.8,82,28,1800,1450,Purulia,Red & Laterite Soil,Beans
42,24,34,5.8,82,28,1800,1350,Purulia,Red & Laterite Soil,Beans
48,29,39,5.8,82,28,1800,1420,Purulia,Red & Laterite Soil,Beans
40,22,32,5.8,82,28,1800,1300,Purulia,Red & Laterite Soil,Beans
50,25,35,6,85,28,1300,1000,Purulia,Red Soil,Mango
55,30,40,6.2,87,26,1400,1100,Purulia,Red Soil,Mango
48,23,33,5.8,83,27,1250,950,Purulia,Red Soil,Mango
52,28,38,6.1,86,25,1350,1050,Purulia,Red Soil,Mango
45,20,30,5.7,82,24,1200,900,Purulia,Red Soil,Mango
60,35,45,6.1,82,28,1800,1700,Purulia,Red & Laterite Soil,Mango
65,40,50,6.3,84,28,1900,1800,Purulia,Red & Laterite Soil,Mango
58,32,42,6,83,28,1800,1650,Purulia,Red & Laterite Soil,Mango
62,37,47,6.2,85,28,1800,1750,Purulia,Red & Laterite Soil,Mango
55,29,39,5.9,82,28,1800,1600,Purulia,Red & Laterite Soil,Mango
45,20,30,5.7,82,24,1200,900,Purulia,Red Soil,Guava
50,25,35,6,85,26,1300,950,Purulia,Red Soil,Guava
42,18,28,5.6,81,25,1150,870,Purulia,Red Soil,Guava
48,23,33,5.9,84,23,1250,920,Purulia,Red Soil,Guava
40,17,27,5.5,80,22,1100,850,Purulia,Red Soil,Guava
55,27,37,6,82,28,1800,1500,Purulia,Red & Laterite Soil,Guava
60,30,40,6.2,84,28,1900,1600,Purulia,Red & Laterite Soil,Guava
52,24,34,5.8,83,28,1800,1450,Purulia,Red & Laterite Soil,Guava
58,29,39,6.1,85,28,1800,1550,Purulia,Red & Laterite Soil,Guava
50,22,32,5.9,82,28,1800,1400,Purulia,Red & Laterite Soil,Guava
28,14,22,5.6,81,23,980,400,Purulia,Red Soil,Sesame
32,18,27,5.9,84,23,1050,420,Purulia,Red Soil,Sesame
25,12,20,5.5,80,24,950,380,Purulia,Red Soil,Sesame
30,15,25,5.8,83,22,1000,400,Purulia,Red Soil,Sesame
22,10,18,5.3,78,25,900,350,Purulia,Red Soil,Sesame
45,22,32,5.8,82,28,1800,700,Purulia,Red & Laterite Soil,Sesame
50,25,35,5.8,82,28,1800,750,Purulia,Red & Laterite Soil,Sesame
42,20,30,5.8,82,28,1800,680,Purulia,Red & Laterite Soil,Sesame
48,24,34,5.8,82,28,1800,720,Purulia,Red & Laterite Soil,Sesame
40,18,28,5.8,82,28,1800,670,Purulia,Red & Laterite Soil,Sesame
32,18,27,5.7,82,24,1050,500,Purulia,Red Soil,Sunflower
37,23,33,6,84,26,1150,550,Purulia,Red Soil,Sunflower
30,15,25,5.6,80,25,1000,480,Purulia,Red Soil,Sunflower
35,20,30,5.9,83,23,1100,520,Purulia,Red Soil,Sunflower
28,13,23,5.5,79,22,950,450,Purulia,Red Soil,Sunflower
45,25,35,5.8,82,28,1800,800,Purulia,Red & Laterite Soil,Sunflower
50,30,40,5.8,82,28,1800,850,Purulia,Red & Laterite Soil,Sunflower
42,22,32,5.8,82,28,1800,780,Purulia,Red & Laterite Soil,Sunflower
48,28,38,5.8,82,28,1800,820,Purulia,Red & Laterite Soil,Sunflower
40,20,30,5.8,82,28,1800,770,Purulia,Red & Laterite Soil,Sunflower
40,20,30,5.8,78,26,1200,600,Purulia,Red Soil,Cotton
45,25,35,6,80,28,1300,650,Purulia,Red Soil,Cotton
38,18,28,5.6,76,25,1150,580,Purulia,Red Soil,Cotton
42,22,32,5.9,79,25,1250,620,Purulia,Red Soil,Cotton
37,17,27,5.5,75,24,1100,550,Purulia,Red Soil,Cotton
50,28,38,5.8,82,28,1800,900,Purulia,Red & Laterite Soil,Cotton
55,32,42,5.8,82,28,1800,950,Purulia,Red & Laterite Soil,Cotton
48,24,34,5.8,82,28,1800,880,Purulia,Red & Laterite Soil,Cotton
52,30,40,5.8,82,28,1800,920,Purulia,Red & Laterite Soil,Cotton
45,22,32,5.8,82,28,1800,850,Purulia,Red & Laterite Soil,Cotton
100,50,70,5.9,81,23,1750,2050,Uttar Dinajpur (North Dinajpur),Terai Alluvial Soil,Rice
105,52,72,5.6,85,23,1800,2100,Uttar Dinajpur (North Dinajpur),Terai Alluvial Soil,Rice
98,48,66,6,79,27,1700,2000,Uttar Dinajpur (North Dinajpur),Terai Alluvial Soil,Rice
110,55,75,5.7,82,24,1700,1900,Uttar Dinajpur (North Dinajpur),Terai Alluvial Soil,Rice
92,46,62,5.9,77,24,1550,1950,Uttar Dinajpur (North Dinajpur),Terai Alluvial Soil,Rice
80,40,60,6.1,79,27,1600,1800,Uttar Dinajpur (North Dinajpur),Terai Alluvial Soil,Maize
85,42,55,6,76,25,1500,1900,Uttar Dinajpur (North Dinajpur),Terai Alluvial Soil,Maize
78,38,58,6.2,80,26,1550,1750,Uttar Dinajpur (North Dinajpur),Terai Alluvial Soil,Maize
82,40,62,6.3,78,28,1650,1700,Uttar Dinajpur (North Dinajpur),Terai Alluvial Soil,Maize
75,35,55,6,77,24,1450,1600,Uttar Dinajpur (North Dinajpur),Terai Alluvial Soil,Maize
90,45,65,6.1,79,27,1550,2000,Uttar Dinajpur (North Dinajpur),Terai Alluvial Soil,Wheat
95,48,60,6,82,25,1600,2100,Uttar Dinajpur (North Dinajpur),Terai Alluvial Soil,Wheat
88,42,58,6.2,78,26,1500,1900,Uttar Dinajpur (North Dinajpur),Terai Alluvial Soil,Wheat
92,46,62,6.3,80,28,1650,1950,Uttar Dinajpur (North Dinajpur),Terai Alluvial Soil,Wheat
85,40,60,6,77,24,1450,1800,Uttar Dinajpur (North Dinajpur),Terai Alluvial Soil,Wheat
50,25,40,6.5,85,23,1200,900,Uttar Dinajpur (North Dinajpur),Terai Alluvial Soil,Mustard
55,28,43,6.6,86,27,1250,950,Uttar Dinajpur (North Dinajpur),Terai Alluvial Soil,Mustard
48,22,38,6.4,83,26,1100,850,Uttar Dinajpur (North Dinajpur),Terai Alluvial Soil,Mustard
52,30,45,6.7,88,24,1300,800,Uttar Dinajpur (North Dinajpur),Terai Alluvial Soil,Mustard
45,20,35,6.9,89,24,1150,950,Uttar Dinajpur (North Dinajpur),Terai Alluvial Soil,Mustard
40,20,35,6.9,88,24,850,800,Uttar Dinajpur (North Dinajpur),Terai Alluvial Soil,Pigeon Pea
45,25,40,6.5,85,23,900,850,Uttar Dinajpur (North Dinajpur),Terai Alluvial Soil,Pigeon Pea
38,18,32,7.1,90,25,800,750,Uttar Dinajpur (North Dinajpur),Terai Alluvial Soil,Pigeon Pea
42,22,38,6.4,83,26,880,900,Uttar Dinajpur (North Dinajpur),Terai Alluvial Soil,Pigeon Pea
35,15,30,7.3,91,24,750,700,Uttar Dinajpur (North Dinajpur),Terai Alluvial Soil,Pigeon Pea
25,10,20,7.5,92,22,600,450,Uttar Dinajpur (North Dinajpur),Terai Alluvial Soil,Green Gram
28,12,22,7.4,91,21,650,500,Uttar Dinajpur (North Dinajpur),Terai Alluvial Soil,Green Gram
22,8,18,7.7,93,23,550,400,Uttar Dinajpur (North Dinajpur),Terai Alluvial Soil,Green Gram
30,15,25,7.2,89,20,700,550,Uttar Dinajpur (North Dinajpur),Terai Alluvial Soil,Green Gram
20,6,15,7.9,94,24,500,350,Uttar Dinajpur (North Dinajpur),Terai Alluvial Soil,Green Gram
22,10,18,7.8,93,23,600,400,Uttar Dinajpur (North Dinajpur),Terai Alluvial Soil,Black Gram
25,12,20,7.7,92,22,650,450,Uttar Dinajpur (North Dinajpur),Terai Alluvial Soil,Black Gram
20,8,15,8,94,24,550,350,Uttar Dinajpur (North Dinajpur),Terai Alluvial Soil,Black Gram
28,15,25,7.5,91,21,700,500,Uttar Dinajpur (North Dinajpur),Terai Alluvial Soil,Black Gram
18,6,12,8.2,95,25,500,300,Uttar Dinajpur (North Dinajpur),Terai Alluvial Soil,Black Gram
80,40,62,5.6,75,23,1550,1980,Darjeeling,Mountainous Soil,Tea
83,37,58,5.5,77,26,1600,2100,Darjeeling,Mountainous Soil,Tea
86,43,63,5.7,79,24,1570,2030,Darjeeling,Mountainous Soil,Tea
79,41,61,5.8,78,25,1520,1950,Darjeeling,Mountainous Soil,Tea
81,39,60,5.4,76,23,1580,2000,Darjeeling,Mountainous Soil,Tea
84,38,60,5.5,77,24,1550,2020,Darjeeling,Mountainous Soil,Tea
77,40,62,5.4,78,25,1580,1980,Darjeeling,Mountainous Soil,Tea
82,37,59,5.6,75,23,1560,2040,Darjeeling,Mountainous Soil,Tea
78,41,63,5.8,76,25,1500,2000,Darjeeling,Mountainous Soil,Tea
85,39,61,5.7,79,24,1570,2030,Darjeeling,Mountainous Soil,Tea
79,42,64,5.9,80,26,1630,1970,Darjeeling,Mountainous Soil,Tea
84,38,60,5.5,77,24,1550,2020,Darjeeling,Mountainous Soil,Tea
77,40,62,5.4,78,25,1580,1980,Darjeeling,Mountainous Soil,Tea
82,37,59,5.6,75,23,1560,2040,Darjeeling,Mountainous Soil,Tea
78,41,63,5.8,76,25,1500,2000,Darjeeling,Mountainous Soil,Tea
85,39,61,5.7,79,24,1570,2030,Darjeeling,Mountainous Soil,Tea
79,42,64,5.9,80,26,1630,1970,Darjeeling,Mountainous Soil,Tea
81,40,62,5.6,76,23,1580,1980,Darjeeling,Mountainous Soil,Tea
83,37,59,5.8,78,24,1540,2050,Darjeeling,Mountainous Soil,Tea
86,41,63,5.7,75,25,1560,2010,Darjeeling,Mountainous Soil,Tea
80,38,60,5.5,77,26,1520,2060,Darjeeling,Mountainous Soil,Tea
82,42,64,5.4,79,23,1590,1990,Darjeeling,Mountainous Soil,Tea
78,39,61,5.6,76,24,1540,2040,Darjeeling,Mountainous Soil,Tea
84,43,65,5.8,78,25,1510,2010,Darjeeling,Mountainous Soil,Tea
79,40,62,5.7,75,23,1570,2020,Darjeeling,Mountainous Soil,Tea
81,38,60,5.9,80,26,1560,1980,Darjeeling,Mountainous Soil,Tea
85,41,63,5.6,77,24,1530,2050,Darjeeling,Mountainous Soil,Tea
83,39,61,5.5,78,25,1590,1990,Darjeeling,Mountainous Soil,Tea
80,42,64,5.7,75,26,1550,2030,Darjeeling,Mountainous Soil,Tea
82,40,62,5.6,76,23,1540,2040,Darjeeling,Mountainous Soil,Tea
84,43,65,5.8,78,24,1510,2010,Darjeeling,Mountainous Soil,Tea
92,45,69,5.8,79,26,1580,1880,Darjeeling,Mountainous Soil,Orange
87,41,63,5.6,75,24,1620,1950,Darjeeling,Mountainous Soil,Orange
89,44,66,5.9,78,23,1680,2000,Darjeeling,Mountainous Soil,Orange
90,46,70,5.7,76,25,1650,1850,Darjeeling,Mountainous Soil,Orange
93,42,65,5.8,78,23,1620,1900,Darjeeling,Mountainous Soil,Orange
88,45,68,5.6,75,24,1580,1950,Darjeeling,Mountainous Soil,Orange
91,44,67,5.9,80,26,1600,1980,Darjeeling,Mountainous Soil,Orange
89,47,71,5.7,77,25,1630,1920,Darjeeling,Mountainous Soil,Orange
89,47,71,5.7,77,25,1620,1920,Darjeeling,Mountainous Soil,Orange
91,44,67,5.9,80,26,1600,1980,Darjeeling,Mountainous Soil,Orange
86,46,68,5.6,75,24,1580,1950,Darjeeling,Mountainous Soil,Orange
93,42,65,5.8,78,23,1620,1900,Darjeeling,Mountainous Soil,Orange
90,45,69,5.7,76,25,1650,1850,Darjeeling,Mountainous Soil,Orange
89,47,71,5.7,77,25,1620,1920,Darjeeling,Mountainous Soil,Orange
91,44,67,5.9,80,26,1600,1980,Darjeeling,Mountainous Soil,Orange
86,46,68,5.6,75,24,1580,1950,Darjeeling,Mountainous Soil,Orange
93,42,65,5.8,78,23,1620,1900,Darjeeling,Mountainous Soil,Orange
90,45,69,5.7,76,25,1650,1850,Darjeeling,Mountainous Soil,Orange
88,43,66,5.6,79,24,1630,1940,Darjeeling,Mountainous Soil,Orange
92,41,63,5.9,78,26,1600,1920,Darjeeling,Mountainous Soil,Orange
87,44,67,5.8,77,25,1610,1960,Darjeeling,Mountainous Soil,Orange
91,46,68,5.7,76,23,1640,1900,Darjeeling,Mountainous Soil,Orange
89,42,66,5.8,75,24,1620,1930,Darjeeling,Mountainous Soil,Orange
90,47,71,5.7,77,25,1630,1890,Darjeeling,Mountainous Soil,Orange
88,45,69,5.6,78,26,1600,1940,Darjeeling,Mountainous Soil,Orange
92,43,66,5.9,79,24,1620,1910,Darjeeling,Mountainous Soil,Orange
87,46,68,5.8,76,23,1640,1880,Darjeeling,Mountainous Soil,Orange
93,41,63,5.7,75,25,1610,1970,Darjeeling,Mountainous Soil,Orange
89,44,67,5.6,79,26,1590,1960,Darjeeling,Mountainous Soil,Orange
91,42,65,5.9,80,24,1600,1930,Darjeeling,Mountainous Soil,Orange
86,45,69,5.7,77,25,1630,1880,Darjeeling,Mountainous Soil,Orange
92,40,62,5.8,76,23,1610,1950,Darjeeling,Mountainous Soil,Orange
88,43,66,5.6,78,24,1580,1920,Darjeeling,Mountainous Soil,Orange
60,30,40,5,70,25,2000,1200,Jalpaiguri,Alluvial & Red/Yellow Soil,Jute
55,28,35,4.8,68,24,1900,1100,Jalpaiguri,Alluvial & Red/Yellow Soil,Jute
58,31,38,5.1,72,26,2100,1300,Jalpaiguri,Alluvial & Red/Yellow Soil,Jute
62,34,42,5.2,73,27,2200,1400,Jalpaiguri,Alluvial & Red/Yellow Soil,Jute
57,29,36,4.9,69,25,1950,1150,Jalpaiguri,Alluvial & Red/Yellow Soil,Jute
100,50,70,6,85,23,1800,2100,Jalpaiguri,Alluvial & Red/Yellow Soil,Rice
98,48,68,5.9,84,24,1750,2050,Jalpaiguri,Alluvial & Red/Yellow Soil,Rice
102,52,72,6.1,86,22,1850,2150,Jalpaiguri,Alluvial & Red/Yellow Soil,Rice
97,49,69,5.8,83,23,1820,2000,Jalpaiguri,Alluvial & Red/Yellow Soil,Rice
105,55,75,6.2,87,24,1780,2200,Jalpaiguri,Alluvial & Red/Yellow Soil,Rice
80,40,50,5.5,75,20,1200,1800,Jalpaiguri,Alluvial & Red/Yellow Soil,Potato
85,42,55,5.6,76,21,1300,1900,Jalpaiguri,Alluvial & Red/Yellow Soil,Potato
78,38,48,5.4,74,19,1100,1700,Jalpaiguri,Alluvial & Red/Yellow Soil,Potato
82,41,52,5.7,77,20,1250,1850,Jalpaiguri,Alluvial & Red/Yellow Soil,Potato
88,44,58,5.8,78,22,1400,2000,Jalpaiguri,Alluvial & Red/Yellow Soil,Potato
75,35,45,5.3,80,26,1700,1600,Jalpaiguri,Alluvial & Red/Yellow Soil,Jackfruit
72,32,42,5.2,78,25,1650,1550,Jalpaiguri,Alluvial & Red/Yellow Soil,Jackfruit
78,38,50,5.4,82,27,1750,1700,Jalpaiguri,Alluvial & Red/Yellow Soil,Jackfruit
76,36,48,5.5,85,28,1800,1800,Jalpaiguri,Alluvial & Red/Yellow Soil,Jackfruit
80,40,52,5.6,88,29,1850,1900,Jalpaiguri,Alluvial & Red/Yellow Soil,Jackfruit
120,60,80,5.8,75,28,2000,1800,Alipurduar,Alluvial Soil,Potato
110,55,75,5.7,74,27,1950,1750,Alipurduar,Alluvial Soil,Potato
125,62,85,5.8,76,25,2050,1950,Alipurduar,Alluvial Soil,Potato
130,65,90,6,78,30,2100,2000,Alipurduar,Alluvial Soil,Potato
115,58,78,5.6,73,26,2000,1900,Alipurduar,Alluvial Soil,Potato
78,36,46,5.2,69,23,1680,1420,Alipurduar,Alluvial Soil,Oilseeds
85,40,52,5.3,71,24,1800,1580,Alipurduar,Alluvial Soil,Oilseeds
90,44,58,5.5,72,26,1650,1500,Alipurduar,Alluvial Soil,Oilseeds
75,32,42,5.1,70,25,1700,1380,Alipurduar,Alluvial Soil,Oilseeds
80,38,50,5.4,74,27,1750,1460,Alipurduar,Alluvial Soil,Oilseeds
95,48,60,5.5,74,26,1920,1720,Alipurduar,Alluvial Soil,Tobacco
90,45,58,5.3,72,25,1880,1620,Alipurduar,Alluvial Soil,Tobacco
100,50,65,5.8,76,27,1850,1600,Alipurduar,Alluvial Soil,Tobacco
85,42,55,5.2,70,24,1750,1500,Alipurduar,Alluvial Soil,Tobacco
105,52,68,5.7,75,28,1980,1800,Alipurduar,Alluvial Soil,Tobacco
70,35,46,5,68,23,1850,1350,Alipurduar,Alluvial Soil,Jute
68,33,44,4.9,67,25,1800,1300,Alipurduar,Alluvial Soil,Jute
72,36,48,5.2,70,26,1950,1400,Alipurduar,Alluvial Soil,Jute
75,38,50,5.3,72,24,2000,1450,Alipurduar,Alluvial Soil,Jute
78,40,52,5.4,74,23,2050,1500,Alipurduar,Alluvial Soil,Jute
80,40,55,5,75,25,1500,1200,Alipurduar,Alluvial Soil,Tea
85,42,52,5.3,71,24,1800,1580,Alipurduar,Alluvial Soil,Tea
78,38,48,5.2,69,23,1680,1420,Alipurduar,Alluvial Soil,Tea
90,44,58,5.5,72,26,1650,1500,Alipurduar,Alluvial Soil,Tea
95,48,60,5.6,74,27,1920,1720,Alipurduar,Alluvial Soil,Tea
105,52,72,5.5,75,28,1900,1700,Alipurduar,Alluvial Soil,Rice
112,56,76,5.6,76,27,1950,1780,Alipurduar,Alluvial Soil,Rice
98,48,68,5.4,74,26,1880,1620,Alipurduar,Alluvial Soil,Rice
120,60,80,5.7,74,27,2020,1920,Alipurduar,Alluvial Soil,Rice
115,58,78,5.6,73,26,2000,1800,Alipurduar,Alluvial Soil,Rice
38,19,24,4,60,17,1200,1000,Siliguri,Red and Laterite Soil,Ginger
40,20,26,4.1,61,18,1220,1050,Siliguri,Red and Laterite Soil,Ginger
36,18,22,3.9,58,16,1180,950,Siliguri,Red and Laterite Soil,Ginger
42,21,28,4.2,62,19,1240,1100,Siliguri,Red and Laterite Soil,Ginger
45,23,30,4.3,64,20,1280,1150,Siliguri,Red and Laterite Soil,Ginger
42,21,28,4.2,62,18,1300,1100,Siliguri,Red and Laterite Soil,Turmeric
45,23,30,4.3,64,19,1350,1150,Siliguri,Red and Laterite Soil,Turmeric
40,20,26,4.1,60,17,1280,1050,Siliguri,Red and Laterite Soil,Turmeric
48,24,32,4.5,65,20,1400,1200,Siliguri,Red and Laterite Soil,Turmeric
46,22,30,4.4,63,19,1380,1150,Siliguri,Red and Laterite Soil,Turmeric
48,24,32,4.5,65,20,1400,1200,Siliguri,Red and Laterite Soil,Guava
50,26,34,4.6,67,21,1420,1250,Siliguri,Red and Laterite Soil,Guava
46,22,30,4.4,63,19,1380,1150,Siliguri,Red and Laterite Soil,Guava
55,28,38,4.7,68,22,1500,1300,Siliguri,Red and Laterite Soil,Guava
52,26,36,4.6,66,21,1480,1250,Siliguri,Red and Laterite Soil,Guava
55,28,38,4.7,68,22,1500,1300,Siliguri,Red and Laterite Soil,Pineapples
58,30,40,4.8,70,23,1520,1350,Siliguri,Red and Laterite Soil,Pineapples
52,26,36,4.6,66,21,1480,1250,Siliguri,Red and Laterite Soil,Pineapples
60,32,42,4.9,72,24,1560,1400,Siliguri,Red and Laterite Soil,Pineapples
65,35,46,5,74,25,1600,1450,Siliguri,Red and Laterite Soil,Pineapples
70,35,46,5,75,23,1600,1450,Siliguri,Red and Laterite Soil,Oranges
68,33,44,4.9,73,25,1580,1420,Siliguri,Red and Laterite Soil,Oranges
72,36,48,5.2,76,26,1620,1480,Siliguri,Red and Laterite Soil,Oranges
75,38,50,5.3,78,24,1680,1550,Siliguri,Red and Laterite Soil,Oranges
78,40,52,5.4,80,23,1720,1600,Siliguri,Red and Laterite Soil,Oranges
120,60,80,5.8,82,26,1850,1750,Siliguri,Red and Laterite Soil,Potato
110,55,75,5.7,81,25,1820,1680,Siliguri,Red and Laterite Soil,Potato
125,62,85,5.8,83,27,1880,1800,Siliguri,Red and Laterite Soil,Potato
130,65,90,6,86,28,1920,1850,Siliguri,Red and Laterite Soil,Potato
115,58,78,5.6,80,24,1800,1700,Siliguri,Red and Laterite Soil,Potato
98,48,68,5.6,85,26,1900,1850,Siliguri,Red and Laterite Soil,Maize
105,52,72,5.7,84,25,1880,1780,Siliguri,Red and Laterite Soil,Maize
92,45,62,5.5,82,27,1950,1920,Siliguri,Red and Laterite Soil,Maize
110,55,75,5.7,86,28,2000,2000,Siliguri,Red and Laterite Soil,Maize
100,50,70,5.8,83,24,1800,1700,Siliguri,Red and Laterite Soil,Maize
85,40,52,5.3,81,23,1750,1600,Siliguri,Red and Laterite Soil,Tea
80,38,50,5.2,79,25,1700,1550,Siliguri,Red and Laterite Soil,Tea
88,44,58,5.5,82,27,1780,1650,Siliguri,Red and Laterite Soil,Tea
82,40,54,5.4,80,26,1720,1580,Siliguri,Red and Laterite Soil,Tea
90,46,60,5.6,83,28,1820,1720,Siliguri,Red and Laterite Soil,Tea
115,58,78,5.6,83,26,1880,1750,Siliguri,Red and Laterite Soil,Rice
120,60,80,5.7,82,25,1850,1800,Siliguri,Red and Laterite Soil,Rice
110,55,75,5.5,80,27,1900,1700,Siliguri,Red and Laterite Soil,Rice
125,62,85,5.8,84,28,1950,1880,Siliguri,Red and Laterite Soil,Rice
105,52,72,5.4,78,24,1800,1650,Siliguri,Red and Laterite Soil,Rice
35,18,28,6.2,74,26,1350,700,Birbhum,Red & Laterite Soil,Pearlmillet
40,22,32,6.5,72,27,1450,750,Birbhum,Red & Laterite Soil,Pearlmillet
32,16,25,6,76,25,1250,650,Birbhum,Red & Laterite Soil,Pearlmillet
38,20,30,6.3,73,24,1400,780,Birbhum,Red & Laterite Soil,Pearlmillet
42,24,35,6.7,70,28,1550,820,Birbhum,Red & Laterite Soil,Pearlmillet
40,20,30,6.4,76,25,1250,600,Birbhum,Red & Laterite Soil,Redgram (Pigeon Pea)
45,22,35,6.7,74,26,1350,650,Birbhum,Red & Laterite Soil,Redgram (Pigeon Pea)
38,18,28,6.2,77,24,1200,580,Birbhum,Red & Laterite Soil,Redgram (Pigeon Pea)
42,20,32,6.5,75,23,1300,620,Birbhum,Red & Laterite Soil,Redgram (Pigeon Pea)
48,24,38,6.8,72,27,1450,700,Birbhum,Red & Laterite Soil,Redgram (Pigeon Pea)
28,14,22,6.1,80,23,1300,500,Birbhum,Red & Laterite Soil,Horsegram
32,16,25,6.3,78,25,1400,550,Birbhum,Red & Laterite Soil,Horsegram
26,12,20,5.9,82,24,1200,470,Birbhum,Red & Laterite Soil,Horsegram
30,15,22,6.2,79,26,1350,520,Birbhum,Red & Laterite Soil,Horsegram
34,18,27,6.5,76,24,1500,580,Birbhum,Red & Laterite Soil,Horsegram
25,15,20,6,75,24,1100,400,Birbhum,Red & Laterite Soil,Greengram and Blackgram
30,18,25,6.2,74,25,1200,450,Birbhum,Red & Laterite Soil,Greengram and Blackgram
22,12,18,5.8,77,23,1000,350,Birbhum,Red & Laterite Soil,Greengram and Blackgram
28,16,22,6.1,76,22,1150,420,Birbhum,Red & Laterite Soil,Greengram and Blackgram
32,20,28,6.4,73,26,1300,480,Birbhum,Red & Laterite Soil,Greengram and Blackgram
45,22,35,6.5,68,28,1400,800,Birbhum,Red & Laterite Soil,Groundnut
50,26,40,6.8,67,29,1550,850,Birbhum,Red & Laterite Soil,Groundnut
42,20,32,6.3,70,26,1450,750,Birbhum,Red & Laterite Soil,Groundnut
48,24,38,6.7,69,27,1500,820,Birbhum,Red & Laterite Soil,Groundnut
55,28,45,7,66,30,1600,900,Birbhum,Red & Laterite Soil,Groundnut
100,50,70,5.9,78,26,1550,2000,Birbhum,Red & Laterite Soil,Rice
110,55,75,6.1,77,25,1650,2200,Birbhum,Red & Laterite Soil,Rice
95,48,68,5.8,80,24,1500,1800,Birbhum,Red & Laterite Soil,Rice
105,52,72,6,79,23,1600,2100,Birbhum,Red & Laterite Soil,Rice
115,58,78,6.2,76,27,1700,2300,Birbhum,Red & Laterite Soil,Rice
40,20,30,5.5,82,25,1780,500,Kalimpong,Mountainous Soil,Ginger
38,18,28,5.4,80,24,1800,450,Kalimpong,Mountainous Soil,Ginger
42,22,32,5.6,85,26,1760,550,Kalimpong,Mountainous Soil,Ginger
35,16,25,5.3,87,23,1750,400,Kalimpong,Mountainous Soil,Ginger
45,24,35,5.7,83,27,1820,600,Kalimpong,Mountainous Soil,Ginger
25,12,18,5.5,82,25,1780,350,Kalimpong,Mountainous Soil,Orchids
22,10,16,5.4,80,24,1800,300,Kalimpong,Mountainous Soil,Orchids
28,14,20,5.6,85,26,1760,400,Kalimpong,Mountainous Soil,Orchids
20,8,15,5.3,87,23,1750,250,Kalimpong,Mountainous Soil,Orchids
30,16,22,5.7,83,27,1820,450,Kalimpong,Mountainous Soil,Orchids
30,15,25,5.5,82,25,1780,120,Kalimpong,Mountainous Soil,Strawberries
28,12,22,5.4,80,24,1800,100,Kalimpong,Mountainous Soil,Strawberries
32,18,28,5.6,85,26,1760,140,Kalimpong,Mountainous Soil,Strawberries
25,10,20,5.3,87,23,1750,80,Kalimpong,Mountainous Soil,Strawberries
35,20,30,5.7,83,27,1820,160,Kalimpong,Mountainous Soil,Strawberries
40,25,35,5.5,82,25,1780,250,Kalimpong,Mountainous Soil,Broccoli and Cabbage
38,22,32,5.4,80,24,1800,230,Kalimpong,Mountainous Soil,Broccoli and Cabbage
42,28,38,5.6,85,26,1760,270,Kalimpong,Mountainous Soil,Broccoli and Cabbage
35,20,30,5.3,87,23,1750,220,Kalimpong,Mountainous Soil,Broccoli and Cabbage
45,30,40,5.7,83,27,1820,300,Kalimpong,Mountainous Soil,Broccoli and Cabbage
60,35,45,5.5,82,25,1780,800,Kalimpong,Mountainous Soil,Kiwi
58,32,42,5.4,80,24,1800,750,Kalimpong,Mountainous Soil,Kiwi
62,38,48,5.6,85,26,1760,850,Kalimpong,Mountainous Soil,Kiwi
55,30,40,5.3,87,23,1750,700,Kalimpong,Mountainous Soil,Kiwi
65,40,50,5.7,83,27,1820,900,Kalimpong,Mountainous Soil,Kiwi
80,45,60,5.5,82,25,1780,1200,Kalimpong,Mountainous Soil,Orange
78,42,58,5.4,80,24,1800,1100,Kalimpong,Mountainous Soil,Orange
82,48,62,5.6,85,26,1760,1300,Kalimpong,Mountainous Soil,Orange
75,40,55,5.3,87,23,1750,1000,Kalimpong,Mountainous Soil,Orange
85,50,65,5.7,83,27,1820,1400,Kalimpong,Mountainous Soil,Orange
35,18,25,5.5,82,25,1780,15,Kalimpong,Mountainous Soil,Cardamom
32,16,22,5.4,80,24,1800,12,Kalimpong,Mountainous Soil,Cardamom
38,20,28,5.6,85,26,1760,18,Kalimpong,Mountainous Soil,Cardamom
30,15,20,5.3,87,23,1750,10,Kalimpong,Mountainous Soil,Cardamom
40,22,30,5.7,83,27,1820,20,Kalimpong,Mountainous Soil,Cardamom
95,45,65,5.8,82,26,1600,1800,Murshidabad,Alluvial Soil,Wheat
92,42,62,5.8,82,26,1600,1750,Murshidabad,Alluvial Soil,Wheat
97,48,68,5.8,82,26,1600,1850,Murshidabad,Alluvial Soil,Wheat
90,40,60,5.8,82,26,1600,1700,Murshidabad,Alluvial Soil,Wheat
98,50,70,5.8,82,26,1600,1900,Murshidabad,Alluvial Soil,Wheat
50,25,35,6.2,80,28,1600,1200,Murshidabad,Alluvial Soil,Jute
52,27,37,6.2,80,28,1600,1250,Murshidabad,Alluvial Soil,Jute
48,23,33,6.2,80,28,1600,1150,Murshidabad,Alluvial Soil,Jute
54,29,39,6.2,80,28,1600,1300,Murshidabad,Alluvial Soil,Jute
49,24,34,6.2,80,28,1600,1220,Murshidabad,Alluvial Soil,Jute
30,15,25,6,75,27,1700,900,Murshidabad,Alluvial Soil,Mustard
32,17,27,6,75,27,1700,950,Murshidabad,Alluvial Soil,Mustard
28,13,23,6,75,27,1700,880,Murshidabad,Alluvial Soil,Mustard
34,19,29,6,75,27,1700,1000,Murshidabad,Alluvial Soil,Mustard
29,14,24,6,75,27,1700,1200,Murshidabad,Alluvial Soil,Mustard
70,35,55,5.5,82,25,1800,3000,Murshidabad,Alluvial Soil,Potato
72,37,57,5.5,82,25,1800,3100,Murshidabad,Alluvial Soil,Potato
68,33,53,5.5,82,25,1800,2900,Murshidabad,Alluvial Soil,Potato
74,39,59,5.5,82,25,1800,3200,Murshidabad,Alluvial Soil,Potato
69,34,54,5.5,82,25,1800,3050,Murshidabad,Alluvial Soil,Potato
80,40,60,5.8,85,23,1800,8000,Murshidabad,Alluvial Soil,Sugarcane
82,42,62,5.8,85,23,1800,8200,Murshidabad,Alluvial Soil,Sugarcane
78,38,58,5.8,85,23,1800,7900,Murshidabad,Alluvial Soil,Sugarcane
84,44,64,5.8,85,23,1800,8400,Murshidabad,Alluvial Soil,Sugarcane
79,39,59,5.8,85,23,1800,8100,Murshidabad,Alluvial Soil,Sugarcane
60,30,50,5.7,78,25,1600,2500,Murshidabad,Alluvial Soil,Maize
62,32,52,5.7,78,25,1600,2600,Murshidabad,Alluvial Soil,Maize
58,28,48,5.7,78,25,1600,2400,Murshidabad,Alluvial Soil,Maize
64,34,54,5.7,78,25,1600,2700,Murshidabad,Alluvial Soil,Maize
59,29,49,5.7,78,25,1600,2550,Murshidabad,Alluvial Soil,Maize
100,50,70,5.7,80,25,1600,2000,Paschim Medinipur (West Medinipur),Red Soil,Rice
105,55,75,5.7,82,24,1700,1900,Paschim Medinipur (West Medinipur),Red Soil,Rice
98,48,66,5.8,79,26,1550,2050,Paschim Medinipur (West Medinipur),Red Soil,Rice
102,52,72,5.9,81,23,1650,1980,Paschim Medinipur (West Medinipur),Red Soil,Rice
97,47,65,5.7,83,24,1750,1920,Paschim Medinipur (West Medinipur),Red Soil,Rice
40,20,30,5.5,85,28,1200,800,Paschim Medinipur (West Medinipur),Red Soil,Groundnut
45,25,35,5.6,84,27,1300,850,Paschim Medinipur (West Medinipur),Red Soil,Groundnut
38,18,28,5.4,86,29,1150,780,Paschim Medinipur (West Medinipur),Red Soil,Groundnut
42,22,32,5.7,83,26,1250,820,Paschim Medinipur (West Medinipur),Red Soil,Groundnut
37,17,27,5.3,87,30,1100,750,Paschim Medinipur (West Medinipur),Red Soil,Groundnut
25,12,20,5.5,80,28,950,400,Paschim Medinipur (West Medinipur),Red Soil,Mung Bean
30,15,25,5.7,82,24,1000,420,Paschim Medinipur (West Medinipur),Red Soil,Mung Bean
22,10,18,5.3,78,26,900,380,Paschim Medinipur (West Medinipur),Red Soil,Mung Bean
28,14,22,5.6,81,23,980,400,Paschim Medinipur (West Medinipur),Red Soil,Mung Bean
20,8,16,5.2,77,25,850,350,Paschim Medinipur (West Medinipur),Red Soil,Mung Bean
30,15,25,6,75,24,1000,500,Paschim Medinipur (West Medinipur),Red Soil,Pigeon Pea
35,20,30,6.2,77,26,1100,550,Paschim Medinipur (West Medinipur),Red Soil,Pigeon Pea
28,13,23,5.8,74,23,950,480,Paschim Medinipur (West Medinipur),Red Soil,Pigeon Pea
45,22,35,6.2,80,28,1300,900,South 24 Parganas,Coastal Alluvial Soil,Brinjal
50,27,40,6,82,26,1400,950,South 24 Parganas,Coastal Alluvial Soil,Brinjal
42,20,32,6.3,78,27,1250,880,South 24 Parganas,Coastal Alluvial Soil,Brinjal
48,25,38,6.1,81,25,1350,920,South 24 Parganas,Coastal Alluvial Soil,Brinjal
40,18,30,6.4,77,24,1200,850,South 24 Parganas,Coastal Alluvial Soil,Brinjal
55,30,45,6.5,85,28,1600,1100,South 24 Parganas,Coastal Alluvial Soil,Okra
60,35,50,6.7,87,26,1700,1200,South 24 Parganas,Coastal Alluvial Soil,Okra
52,28,43,6.4,83,27,1550,1050,South 24 Parganas,Coastal Alluvial Soil,Okra
58,33,48,6.6,86,25,1650,1150,South 24 Parganas,Coastal Alluvial Soil,Okra
50,25,40,6.3,82,24,1500,1000,South 24 Parganas,Coastal Alluvial Soil,Okra
40,18,30,5.9,81,23,1200,700,South 24 Parganas,Coastal Alluvial Soil,Green Gram
45,22,35,5.7,83,22,1300,750,South 24 Parganas,Coastal Alluvial Soil,Green Gram
38,15,28,6,80,24,1150,680,South 24 Parganas,Coastal Alluvial Soil,Green Gram
42,20,32,5.8,82,26,1250,720,South 24 Parganas,Coastal Alluvial Soil,Green Gram
37,17,27,6.1,79,25,1100,670,South 24 Parganas,Coastal Alluvial Soil,Green Gram
35,20,30,6.3,78,27,1100,600,South 24 Parganas,Coastal Alluvial Soil,Black Gram
40,25,35,6.1,80,26,1200,650,South 24 Parganas,Coastal Alluvial Soil,Black Gram
32,18,28,6.4,77,24,1050,580,South 24 Parganas,Coastal Alluvial Soil,Black Gram
37,23,33,6.2,79,25,1150,620,South 24 Parganas,Coastal Alluvial Soil,Black Gram
30,15,25,6.5,76,23,1000,550,South 24 Parganas,Coastal Alluvial Soil,Black Gram
50,25,40,6.7,87,26,1700,1000,South 24 Parganas,Coastal Alluvial Soil,Pigeon Peas
55,30,45,6.5,85,28,1600,950,South 24 Parganas,Coastal Alluvial Soil,Pigeon Peas
48,23,38,6.8,88,25,1550,920,South 24 Parganas,Coastal Alluvial Soil,Pigeon Peas
52,28,43,6.6,86,27,1650,970,South 24 Parganas,Coastal Alluvial Soil,Pigeon Peas
45,20,35,6.9,89,24,1500,890,South 24 Parganas,Coastal Alluvial Soil,Pigeon Peas
22,10,18,7.8,93,23,600,400,Purba Medinipur (East Medinipur),Alluvial Soil,Black Gram
25,12,20,7.7,92,22,650,450,Purba Medinipur (East Medinipur),Alluvial Soil,Black Gram
20,8,15,8,94,24,550,350,Purba Medinipur (East Medinipur),Alluvial Soil,Black Gram
28,15,25,7.5,91,21,700,500,Purba Medinipur (East Medinipur),Alluvial Soil,Black Gram
18,6,12,8.2,95,25,500,300,Purba Medinipur (East Medinipur),Alluvial Soil,Black Gram
22,10,18,7.8,93,23,600,400,Purba Medinipur (East Medinipur),Alluvial Soil,Green Gram
25,12,20,7.7,92,22,650,450,Purba Medinipur (East Medinipur),Alluvial Soil,Green Gram
20,8,15,8,94,24,550,350,Purba Medinipur (East Medinipur),Alluvial Soil,Green Gram
28,15,25,7.5,91,21,700,500,Purba Medinipur (East Medinipur),Alluvial Soil,Green Gram
18,6,12,8.2,95,25,500,300,Purba Medinipur (East Medinipur),Alluvial Soil,Green Gram
45,25,35,6.9,82,24,800,950,Purba Medinipur (East Medinipur),Alluvial Soil,Wheat
48,28,38,6.7,85,23,850,1000,Purba Medinipur (East Medinipur),Alluvial Soil,Wheat
42,22,32,7.1,80,26,780,900,Purba Medinipur (East Medinipur),Alluvial Soil,Wheat
50,30,40,6.6,88,22,900,1100,Purba Medinipur (East Medinipur),Alluvial Soil,Wheat
38,18,28,7.3,79,25,750,850,Purba Medinipur (East Medinipur),Alluvial Soil,Wheat
100,50,70,6,85,23,1800,2100,Purba Medinipur (East Medinipur),Alluvial Soil,Rice
105,52,72,5.7,80,25,1600,2000,Purba Medinipur (East Medinipur),Alluvial Soil,Rice
98,48,66,6,82,24,1700,1950,Purba Medinipur (East Medinipur),Alluvial Soil,Rice
110,55,75,5.8,83,26,1850,2200,Purba Medinipur (East Medinipur),Alluvial Soil,Rice
92,46,62,6.2,78,27,1750,2050,Purba Medinipur (East Medinipur),Alluvial Soil,Rice
80,40,55,6.5,75,28,1200,1500,Purba Medinipur (East Medinipur),Alluvial Soil,Maize
85,42,58,6.3,77,27,1250,1550,Purba Medinipur (East Medinipur),Alluvial Soil,Maize
78,38,52,6.7,80,26,1150,1450,Purba Medinipur (East Medinipur),Alluvial Soil,Maize
88,45,60,6.4,78,28,1300,1600,Purba Medinipur (East Medinipur),Alluvial Soil,Maize
82,40,54,6.6,76,27,1180,1520,Purba Medinipur (East Medinipur),Alluvial Soil,Maize
40,20,30,6.5,78,26,1600,1500,Hooghly,Alluvial Soil,Mango
35,18,28,6.2,80,25,1550,1300,Hooghly,Alluvial Soil,Mango
45,22,32,6.7,76,27,1700,1700,Hooghly,Alluvial Soil,Mango
38,19,29,6.3,77,24,1500,1400,Hooghly,Alluvial Soil,Mango
42,21,31,6.6,75,28,1650,1600,Hooghly,Alluvial Soil,Mango
55,28,38,7,70,25,1750,1800,Hooghly,Alluvial Soil,Banana
50,25,35,6.8,72,23,1700,1600,Hooghly,Alluvial Soil,Banana
60,30,40,7.2,68,27,1850,2000,Hooghly,Alluvial Soil,Banana
52,26,36,6.9,71,26,1600,1800,Hooghly,Alluvial Soil,Banana
58,29,39,7.1,69,28,1750,1900,Hooghly,Alluvial Soil,Banana
30,15,22,6.2,75,23,1450,400,Hooghly,Alluvial Soil,Guava
25,12,18,5.9,77,26,1300,350,Hooghly,Alluvial Soil,Guava
20,10,15,5.8,75,24,1200,300,Hooghly,Alluvial Soil,Brinjal
25,12,18,6,74,25,1300,350,Hooghly,Alluvial Soil,Brinjal
18,8,12,5.6,76,23,1100,250,Hooghly,Alluvial Soil,Brinjal
22,11,16,5.9,73,26,1250,320,Hooghly,Alluvial Soil,Brinjal
28,14,20,6.2,72,27,1400,400,Hooghly,Alluvial Soil,Brinjal
35,18,28,6.2,72,26,1450,400,Hooghly,Alluvial Soil,Lentils
40,22,32,6.5,70,27,1550,450,Hooghly,Alluvial Soil,Lentils
32,16,25,6,75,25,1350,350,Hooghly,Alluvial Soil,Lentils
38,20,30,6.3,73,24,1500,480,Hooghly,Alluvial Soil,Lentils
42,24,35,6.7,71,28,1650,500,Hooghly,Alluvial Soil,Lentils
50,25,35,6.5,75,23,1600,1200,Hooghly,Alluvial Soil,Jute
45,22,32,6.3,77,24,1550,1100,Hooghly,Alluvial Soil,Jute
55,28,38,6.8,73,26,1700,1300,Hooghly,Alluvial Soil,Jute
48,24,36,6.6,74,25,1650,1150,Hooghly,Alluvial Soil,Jute
52,26,40,7,72,27,1750,1400,Hooghly,Alluvial Soil,Jute
120,60,80,6,80,28,2000,8000,Hooghly,Alluvial Soil,Sugarcane
130,65,85,6.2,79,27,2100,8500,Hooghly,Alluvial Soil,Sugarcane
110,55,75,5.8,81,26,1900,7500,Hooghly,Alluvial Soil,Sugarcane
125,62,82,6.1,78,29,2050,8200,Hooghly,Alluvial Soil,Sugarcane
135,68,90,6.4,77,30,2150,8700,Hooghly,Alluvial Soil,Sugarcane
30,15,22,6.1,79,27,1550,250,Hooghly,Alluvial Soil,Mustard
28,14,20,5.9,80,25,1500,220,Hooghly,Alluvial Soil,Mustard
32,16,25,6.2,78,26,1600,270,Hooghly,Alluvial Soil,Mustard
26,13,18,5.8,81,23,1450,200,Hooghly,Alluvial Soil,Mustard
34,17,28,6.3,77,25,1650,300,Hooghly,Alluvial Soil,Mustard
80,40,60,5.5,85,23,1600,1200,Hooghly,Alluvial Soil,Wheat
85,43,65,5.7,84,25,1700,1400,Hooghly,Alluvial Soil,Wheat
75,38,55,5.4,86,22,1500,1000,Hooghly,Alluvial Soil,Wheat
90,45,70,5.8,83,24,1800,1600,Hooghly,Alluvial Soil,Wheat
95,48,75,6,82,26,1900,1800,Hooghly,Alluvial Soil,Wheat
110,55,75,5.8,82,25,1750,2000,Hooghly,Alluvial Soil,Rice
120,60,80,6,81,23,1850,2200,Hooghly,Alluvial Soil,Rice
105,52,72,5.7,83,24,1650,1800,Hooghly,Alluvial Soil,Rice
115,58,78,6.2,80,26,1800,2100,Hooghly,Alluvial Soil,Rice
125,62,85,6.4,79,27,1900,2300,Hooghly,Alluvial Soil,Rice
110,55,75,5.6,85,23,1800,2200,Kolkata,Alluvial Soil,Wheat
105,52,72,5.6,85,23,1800,2100,Kolkata,Alluvial Soil,Wheat
115,58,78,5.6,85,23,1800,2300,Kolkata,Alluvial Soil,Wheat
100,50,70,5.6,85,23,1800,2000,Kolkata,Alluvial Soil,Wheat
120,60,80,5.6,85,23,1800,2400,Kolkata,Alluvial Soil,Wheat
32,16,22,5.6,85,23,1800,18,Kolkata,Alluvial Soil,Mustard
30,15,20,5.6,85,23,1800,15,Kolkata,Alluvial Soil,Mustard
34,18,24,5.6,85,23,1800,20,Kolkata,Alluvial Soil,Mustard
28,14,20,5.6,85,23,1800,12,Kolkata,Alluvial Soil,Mustard
36,20,26,5.6,85,23,1800,25,Kolkata,Alluvial Soil,Mustard
80,40,60,5.6,85,23,1800,1200,Kolkata,Alluvial Soil,Jute
78,38,58,5.6,85,23,1800,1100,Kolkata,Alluvial Soil,Jute
82,42,62,5.6,85,23,1800,1300,Kolkata,Alluvial Soil,Jute
75,35,55,5.6,85,23,1800,1000,Kolkata,Alluvial Soil,Jute
85,45,65,5.6,85,23,1800,1400,Kolkata,Alluvial Soil,Jute
90,45,65,5.6,85,23,1800,1600,Kolkata,Alluvial Soil,Potato
88,42,62,5.6,85,23,1800,1500,Kolkata,Alluvial Soil,Potato
92,48,68,5.6,85,23,1800,1700,Kolkata,Alluvial Soil,Potato
85,40,60,5.6,85,23,1800,1400,Kolkata,Alluvial Soil,Potato
95,50,70,5.6,85,23,1800,1800,Kolkata,Alluvial Soil,Potato
28,14,20,5.6,85,23,1800,25,Kolkata,Alluvial Soil,Pulses (Lentils)
26,12,18,5.6,85,23,1800,22,Kolkata,Alluvial Soil,Pulses (Lentils)
30,16,22,5.6,85,23,1800,28,Kolkata,Alluvial Soil,Pulses (Lentils)
24,10,16,5.6,85,23,1800,20,Kolkata,Alluvial Soil,Pulses (Lentils)
32,18,24,5.6,85,23,1800,30,Kolkata,Alluvial Soil,Pulses (Lentils)
45,20,30,5.6,85,23,1800,150,Kolkata,Alluvial Soil,Vegetables (Okra)
42,18,28,5.6,85,23,1800,130,Kolkata,Alluvial Soil,Vegetables (Okra)
48,22,32,5.6,85,23,1800,170,Kolkata,Alluvial Soil,Vegetables (Okra)
40,16,25,5.6,85,23,1800,120,Kolkata,Alluvial Soil,Vegetables (Okra)
50,24,35,5.6,85,23,1800,180,Kolkata,Alluvial Soil,Vegetables (Okra)
120,60,80,5.6,85,23,1800,2800,Kolkata,Alluvial Soil,Sugarcane
118,58,78,5.6,85,23,1800,2700,Kolkata,Alluvial Soil,Sugarcane
122,62,82,5.6,85,23,1800,2900,Kolkata,Alluvial Soil,Sugarcane
115,55,75,5.6,85,23,1800,2600,Kolkata,Alluvial Soil,Sugarcane
125,65,85,5.6,85,23,1800,3000,Kolkata,Alluvial Soil,Sugarcane
55,25,35,5.6,85,23,1800,450,Kolkata,Alluvial Soil,Fruits (Banana)
52,22,32,5.6,85,23,1800,400,Kolkata,Alluvial Soil,Fruits (Banana)
58,28,38,5.6,85,23,1800,500,Kolkata,Alluvial Soil,Fruits (Banana)
50,20,30,5.6,85,23,1800,350,Kolkata,Alluvial Soil,Fruits (Banana)
60,30,40,5.6,85,23,1800,550,Kolkata,Alluvial Soil,Fruits (Banana)
40,20,30,5.6,85,23,1800,500,Kolkata,Alluvial Soil,Spices (Turmeric)
38,18,28,5.6,85,23,1800,450,Kolkata,Alluvial Soil,Spices (Turmeric)
42,22,32,5.6,85,23,1800,550,Kolkata,Alluvial Soil,Spices (Turmeric)
36,16,26,5.6,85,23,1800,400,Kolkata,Alluvial Soil,Spices (Turmeric)
44,24,34,5.6,85,23,1800,600,Kolkata,Alluvial Soil,Spices (Turmeric)
40,20,30,6.2,75,27,1600,800,Nadia,Alluvial Soil,Ginger
42,22,32,6.2,75,27,1600,850,Nadia,Alluvial Soil,Ginger
38,18,28,6.2,75,27,1600,780,Nadia,Alluvial Soil,Ginger
44,24,34,6.2,75,27,1600,900,Nadia,Alluvial Soil,Ginger
39,19,29,6.2,75,27,1600,820,Nadia,Alluvial Soil,Ginger
30,15,25,5.8,80,28,1500,1200,Nadia,Alluvial Soil,Turmeric
32,17,27,5.8,80,28,1500,1250,Nadia,Alluvial Soil,Turmeric
28,13,23,5.8,80,28,1500,1150,Nadia,Alluvial Soil,Turmeric
34,19,29,5.8,80,28,1500,1300,Nadia,Alluvial Soil,Turmeric
29,14,24,5.8,80,28,1500,1220,Nadia,Alluvial Soil,Turmeric
90,45,70,6.5,75,30,1400,4000,Nadia,Alluvial Soil,Mango
92,47,72,6.5,75,30,1400,4100,Nadia,Alluvial Soil,Mango
88,43,68,6.5,75,30,1400,3900,Nadia,Alluvial Soil,Mango
94,49,74,6.5,75,30,1400,4200,Nadia,Alluvial Soil,Mango
89,44,69,6.5,75,30,1400,4050,Nadia,Alluvial Soil,Mango
70,35,50,6,78,28,1600,1800,Nadia,Alluvial Soil,Papaya
72,37,52,6,78,28,1600,1900,Nadia,Alluvial Soil,Papaya
68,33,48,6,78,28,1600,1700,Nadia,Alluvial Soil,Papaya
74,39,54,6,78,28,1600,2000,Nadia,Alluvial Soil,Papaya
69,34,49,6,78,28,1600,1850,Nadia,Alluvial Soil,Papaya
80,40,60,5.8,85,23,1800,2500,Nadia,Alluvial Soil,Banana
82,42,62,5.8,85,23,1800,2600,Nadia,Alluvial Soil,Banana
78,38,58,5.8,85,23,1800,2400,Nadia,Alluvial Soil,Banana
84,44,64,5.8,85,23,1800,2700,Nadia,Alluvial Soil,Banana
79,39,59,5.8,85,23,1800,2450,Nadia,Alluvial Soil,Banana
18,10,15,6.8,70,25,1500,500,Nadia,Alluvial Soil,Spinach
20,12,17,6.8,70,25,1500,550,Nadia,Alluvial Soil,Spinach
16,8,13,6.8,70,25,1500,480,Nadia,Alluvial Soil,Spinach
22,14,19,6.8,70,25,1500,600,Nadia,Alluvial Soil,Spinach
17,9,14,6.8,70,25,1500,520,Nadia,Alluvial Soil,Spinach
32,18,25,6.2,78,26,1650,1200,Nadia,Alluvial Soil,Cabbage
34,20,27,6.2,78,26,1650,1250,Nadia,Alluvial Soil,Cabbage
30,16,23,6.2,78,26,1650,1150,Nadia,Alluvial Soil,Cabbage
36,22,29,6.2,78,26,1650,1300,Nadia,Alluvial Soil,Cabbage
31,17,24,6.2,78,26,1650,1220,Nadia,Alluvial Soil,Cabbage
28,15,20,6.5,75,28,1600,800,Nadia,Alluvial Soil,Brinjal
30,17,22,6.5,75,28,1600,850,Nadia,Alluvial Soil,Brinjal
26,13,18,6.5,75,28,1600,780,Nadia,Alluvial Soil,Brinjal
32,19,24,6.5,75,28,1600,900,Nadia,Alluvial Soil,Brinjal
27,14,19,6.5,75,28,1600,820,Nadia,Alluvial Soil,Brinjal
70,35,55,5.5,82,25,1800,3000,Nadia,Alluvial Soil,Potato
72,37,57,5.5,82,25,1800,3100,Nadia,Alluvial Soil,Potato
68,33,53,5.5,82,25,1800,2900,Nadia,Alluvial Soil,Potato
74,39,59,5.5,82,25,1800,3200,Nadia,Alluvial Soil,Potato
69,34,54,5.5,82,25,1800,3050,Nadia,Alluvial Soil,Potato
35,18,28,6.2,77,27,1650,1200,Nadia,Alluvial Soil,Green Gram
37,20,30,6.2,77,27,1650,1250,Nadia,Alluvial Soil,Green Gram
33,16,26,6.2,77,27,1650,1150,Nadia,Alluvial Soil,Green Gram
39,22,32,6.2,77,27,1650,1300,Nadia,Alluvial Soil,Green Gram
34,17,27,6.2,77,27,1650,1220,Nadia,Alluvial Soil,Green Gram
45,22,32,6.3,76,25,1600,1400,Nadia,Alluvial Soil,Chickpeas
47,24,34,6.3,76,25,1600,1450,Nadia,Alluvial Soil,Chickpeas
43,20,30,6.3,76,25,1600,1350,Nadia,Alluvial Soil,Chickpeas
49,26,36,6.3,76,25,1600,1500,Nadia,Alluvial Soil,Chickpeas
44,21,31,6.3,76,25,1600,1420,Nadia,Alluvial Soil,Chickpeas
40,20,30,6.5,78,26,1550,1300,Nadia,Alluvial Soil,Lentils
42,22,32,6.5,78,26,1550,1350,Nadia,Alluvial Soil,Lentils
38,18,28,6.5,78,26,1550,1250,Nadia,Alluvial Soil,Lentils
44,24,34,6.5,78,26,1550,1400,Nadia,Alluvial Soil,Lentils
39,19,29,6.5,78,26,1550,1320,Nadia,Alluvial Soil,Lentils
30,15,25,6,75,27,1700,900,Nadia,Alluvial Soil,Mustard
32,17,27,6,75,27,1700,950,Nadia,Alluvial Soil,Mustard
28,13,23,6,75,27,1700,880,Nadia,Alluvial Soil,Mustard
34,19,29,6,75,27,1700,1000,Nadia,Alluvial Soil,Mustard
29,14,24,6,75,27,1700,920,Nadia,Alluvial Soil,Mustard
90,45,65,5.8,82,24,1750,2500,Nadia,Alluvial Soil,Wheat
92,47,67,5.8,82,24,1750,2600,Nadia,Alluvial Soil,Wheat
88,43,63,5.8,82,24,1750,2400,Nadia,Alluvial Soil,Wheat
94,49,69,5.8,82,24,1750,2700,Nadia,Alluvial Soil,Wheat
89,44,64,5.8,82,24,1750,2450,Nadia,Alluvial Soil,Wheat
50,25,35,6.2,80,28,1600,1200,Nadia,Alluvial Soil,Jute
52,27,37,6.2,80,28,1600,1250,Nadia,Alluvial Soil,Jute
48,23,33,6.2,80,28,1600,1150,Nadia,Alluvial Soil,Jute
54,29,39,6.2,80,28,1600,1300,Nadia,Alluvial Soil,Jute
49,24,34,6.2,80,28,1600,1220,Nadia,Alluvial Soil,Jute
85,40,60,6,80,28,1550,1800,Paschim Bardhaman (West Bardhaman),Sandy Soil,Pearl Millet/Bajra
88,42,62,6,80,28,1550,1850,Paschim Bardhaman (West Bardhaman),Sandy Soil,Pearl Millet/Bajra
82,38,58,6,80,28,1550,1750,Paschim Bardhaman (West Bardhaman),Sandy Soil,Pearl Millet/Bajra
90,44,64,6,80,28,1550,1900,Paschim Bardhaman (West Bardhaman),Sandy Soil,Pearl Millet/Bajra
86,41,61,6,80,28,1550,1820,Paschim Bardhaman (West Bardhaman),Sandy Soil,Pearl Millet/Bajra
75,35,50,5.8,82,24,1600,1500,Paschim Bardhaman (West Bardhaman),Sandy Soil,Finger Millet/Ragi
78,37,52,5.8,82,24,1600,1550,Paschim Bardhaman (West Bardhaman),Sandy Soil,Finger Millet/Ragi
72,33,48,5.8,82,24,1600,1450,Paschim Bardhaman (West Bardhaman),Sandy Soil,Finger Millet/Ragi
80,39,54,5.8,82,24,1600,1600,Paschim Bardhaman (West Bardhaman),Sandy Soil,Finger Millet/Ragi
76,36,51,5.8,82,24,1600,1520,Paschim Bardhaman (West Bardhaman),Sandy Soil,Finger Millet/Ragi
60,25,40,6.5,75,30,1200,1200,Paschim Bardhaman (West Bardhaman),Sandy Soil,Groundnut
62,27,42,6.5,75,30,1200,1250,Paschim Bardhaman (West Bardhaman),Sandy Soil,Groundnut
58,23,38,6.5,75,30,1200,1150,Paschim Bardhaman (West Bardhaman),Sandy Soil,Groundnut
64,29,44,6.5,75,30,1200,1300,Paschim Bardhaman (West Bardhaman),Sandy Soil,Groundnut
59,24,39,6.5,75,30,1200,1180,Paschim Bardhaman (West Bardhaman),Sandy Soil,Groundnut
70,30,45,6.2,78,28,1400,1300,Paschim Bardhaman (West Bardhaman),Sandy Soil,Sorghum (Jowar)
72,32,47,6.2,78,28,1400,1350,Paschim Bardhaman (West Bardhaman),Sandy Soil,Sorghum (Jowar)
68,28,43,6.2,78,28,1400,1250,Paschim Bardhaman (West Bardhaman),Sandy Soil,Sorghum (Jowar)
74,34,49,6.2,78,28,1400,1400,Paschim Bardhaman (West Bardhaman),Sandy Soil,Sorghum (Jowar)
69,29,44,6.2,78,28,1400,1280,Paschim Bardhaman (West Bardhaman),Sandy Soil,Sorghum (Jowar)
50,20,35,6,82,25,1300,1000,Paschim Bardhaman (West Bardhaman),Sandy Soil,Cowpea (Black-eyed pea)
52,22,37,6,82,25,1300,1050,Paschim Bardhaman (West Bardhaman),Sandy Soil,Cowpea (Black-eyed pea)
48,18,33,6,82,25,1300,950,Paschim Bardhaman (West Bardhaman),Sandy Soil,Cowpea (Black-eyed pea)
54,24,39,6,82,25,1300,1100,Paschim Bardhaman (West Bardhaman),Sandy Soil,Cowpea (Black-eyed pea)
49,19,34,6,82,25,1300,980,Paschim Bardhaman (West Bardhaman),Sandy Soil,Cowpea (Black-eyed pea)
45,15,30,6.5,80,30,1200,800,Paschim Bardhaman (West Bardhaman),Sandy Soil,Okra
48,18,33,6.5,80,30,1200,850,Paschim Bardhaman (West Bardhaman),Sandy Soil,Okra
42,12,27,6.5,80,30,1200,750,Paschim Bardhaman (West Bardhaman),Sandy Soil,Okra
50,20,35,6.5,80,30,1200,900,Paschim Bardhaman (West Bardhaman),Sandy Soil,Okra
44,14,29,6.5,80,30,1200,800,Paschim Bardhaman (West Bardhaman),Sandy Soil,Okra
35,10,25,5.8,85,24,1300,1200,Paschim Bardhaman (West Bardhaman),Sandy Soil,Carrots
38,13,28,5.8,85,24,1300,1250,Paschim Bardhaman (West Bardhaman),Sandy Soil,Carrots
32,8,23,5.8,85,24,1300,1150,Paschim Bardhaman (West Bardhaman),Sandy Soil,Carrots
40,18,30,5.8,85,24,1300,1300,Paschim Bardhaman (West Bardhaman),Sandy Soil,Carrots
34,12,26,5.8,85,24,1300,1180,Paschim Bardhaman (West Bardhaman),Sandy Soil,Carrots
40,20,30,6.5,78,28,1200,1100,Paschim Bardhaman (West Bardhaman),Sandy Soil,Tomatoes
42,22,32,6.5,78,28,1200,1150,Paschim Bardhaman (West Bardhaman),Sandy Soil,Tomatoes
38,18,28,6.5,78,28,1200,1050,Paschim Bardhaman (West Bardhaman),Sandy Soil,Tomatoes
45,25,35,6.5,78,28,1200,1200,Paschim Bardhaman (West Bardhaman),Sandy Soil,Tomatoes
39,19,29,6.5,78,28,1200,1080,Paschim Bardhaman (West Bardhaman),Sandy Soil,Tomatoes
30,12,25,5.8,80,30,1300,900,Paschim Bardhaman (West Bardhaman),Sandy Soil,Sweet Potato
32,14,27,5.8,80,30,1300,950,Paschim Bardhaman (West Bardhaman),Sandy Soil,Sweet Potato
28,10,23,5.8,80,30,1300,850,Paschim Bardhaman (West Bardhaman),Sandy Soil,Sweet Potato
35,18,30,5.8,80,30,1300,1000,Paschim Bardhaman (West Bardhaman),Sandy Soil,Sweet Potato
29,11,24,5.8,80,30,1300,880,Paschim Bardhaman (West Bardhaman),Sandy Soil,Sweet Potato
45,22,35,6.2,77,26,1200,1500,North 24 Parganas,Alluvial & Red/Yellow Soil,Green Gram
50,25,40,6.4,79,25,1300,1600,North 24 Parganas,Alluvial & Red/Yellow Soil,Green Gram
48,24,38,6.3,78,27,1250,1550,North 24 Parganas,Alluvial & Red/Yellow Soil,Green Gram
52,26,42,6.5,80,24,1350,1650,North 24 Parganas,Alluvial & Red/Yellow Soil,Green Gram
49,23,39,6.4,79,26,1300,1600,North 24 Parganas,Alluvial & Red/Yellow Soil,Green Gram
42,20,32,6.1,76,27,1100,1400,North 24 Parganas,Alluvial & Red/Yellow Soil,Black Gram
45,22,35,6.2,77,26,1200,1500,North 24 Parganas,Alluvial & Red/Yellow Soil,Black Gram
43,21,33,6.1,76,28,1150,1450,North 24 Parganas,Alluvial & Red/Yellow Soil,Black Gram
47,24,38,6.3,78,25,1250,1550,North 24 Parganas,Alluvial & Red/Yellow Soil,Black Gram
44,22,34,6.2,77,27,1200,1500,North 24 Parganas,Alluvial & Red/Yellow Soil,Black Gram
28,15,22,6.6,79,25,800,950,North 24 Parganas,Alluvial & Red/Yellow Soil,Sesame and Sunflower
30,18,25,6.8,81,24,820,980,North 24 Parganas,Alluvial & Red/Yellow Soil,Sesame and Sunflower
26,12,20,6.5,80,27,780,920,North 24 Parganas,Alluvial & Red/Yellow Soil,Sesame and Sunflower
32,20,28,6.7,82,23,850,1020,North 24 Parganas,Alluvial & Red/Yellow Soil,Sesame and Sunflower
30,18,25,6.6,81,24,830,990,North 24 Parganas,Alluvial & Red/Yellow Soil,Sesame and Sunflower
90,55,70,6,76,25,1800,2200,North 24 Parganas,Alluvial & Red/Yellow Soil,Sugarcane
95,60,75,6.2,78,24,1850,2250,North 24 Parganas,Alluvial & Red/Yellow Soil,Sugarcane
88,50,68,6.1,77,26,1750,2150,North 24 Parganas,Alluvial & Red/Yellow Soil,Sugarcane
92,52,72,6.3,79,25,1900,2300,North 24 Parganas,Alluvial & Red/Yellow Soil,Sugarcane
90,55,70,6.5,81,24,1850,2250,North 24 Parganas,Alluvial & Red/Yellow Soil,Sugarcane
30,18,25,6.8,82,24,900,1100,North 24 Parganas,Alluvial & Red/Yellow Soil,Wheat
35,22,30,6.5,81,23,920,1080,North 24 Parganas,Alluvial & Red/Yellow Soil,Wheat
32,20,28,6.7,82,26,950,1150,North 24 Parganas,Alluvial & Red/Yellow Soil,Wheat
38,25,35,6.6,80,27,980,1180,North 24 Parganas,Alluvial & Red/Yellow Soil,Wheat
36,23,33,6.5,79,28,960,1160,North 24 Parganas,Alluvial & Red/Yellow Soil,Wheat
60,30,45,6.3,75,28,1300,1600,North 24 Parganas,Alluvial & Red/Yellow Soil,Maize
75,35,50,6.5,80,27,1400,1700,North 24 Parganas,Alluvial & Red/Yellow Soil,Maize
65,28,40,6.7,78,26,1350,1650,North 24 Parganas,Alluvial & Red/Yellow Soil,Maize
80,38,55,6.4,77,28,1450,1750,North 24 Parganas,Alluvial & Red/Yellow Soil,Maize
72,32,48,6.6,79,27,1380,1680,North 24 Parganas,Alluvial & Red/Yellow Soil,Maize
40,25,35,6.2,78,26,1000,1200,North 24 Parganas,Alluvial & Red/Yellow Soil,Jute
45,30,40,6.4,80,25,1050,1250,North 24 Parganas,Alluvial & Red/Yellow Soil,Jute
38,22,32,6.3,79,24,980,1180,North 24 Parganas,Alluvial & Red/Yellow Soil,Jute
42,26,36,6.5,81,23,1020,1220,North 24 Parganas,Alluvial & Red/Yellow Soil,Jute
40,24,34,6.7,82,24,1000,1200,North 24 Parganas,Alluvial & Red/Yellow Soil,Jute
28,15,22,6.3,79,26,880,1050,North 24 Parganas,Alluvial & Red/Yellow Soil,Mustard
30,18,25,6.5,81,24,920,1080,North 24 Parganas,Alluvial & Red/Yellow Soil,Mustard
26,12,20,6.2,78,27,850,1020,North 24 Parganas,Alluvial & Red/Yellow Soil,Mustard
32,20,28,6.4,80,25,900,1100,North 24 Parganas,Alluvial & Red/Yellow Soil,Mustard
30,18,25,6.6,82,23,940,1120,North 24 Parganas,Alluvial & Red/Yellow Soil,Mustard
55,32,45,5.9,76,25,1300,1600,North 24 Parganas,Alluvial & Red/Yellow Soil,Potatoes
60,35,50,6.1,78,24,1400,1700,North 24 Parganas,Alluvial & Red/Yellow Soil,Potatoes
58,30,48,6,77,26,1350,1650,North 24 Parganas,Alluvial & Red/Yellow Soil,Potatoes
62,36,52,6.2,79,25,1450,1750,North 24 Parganas,Alluvial & Red/Yellow Soil,Potatoes
60,35,50,6.4,81,24,1420,1720,North 24 Parganas,Alluvial & Red/Yellow Soil,Potatoes
30,18,25,6.5,80,24,900,1100,North 24 Parganas,Alluvial & Red/Yellow Soil,Leafy Greens
32,20,28,6.7,82,23,950,1150,North 24 Parganas,Alluvial & Red/Yellow Soil,Leafy Greens
28,15,22,6.4,78,26,880,1050,North 24 Parganas,Alluvial & Red/Yellow Soil,Leafy Greens
34,22,30,6.6,79,25,920,1080,North 24 Parganas,Alluvial & Red/Yellow Soil,Leafy Greens
32,20,28,6.8,81,24,940,1120,North 24 Parganas,Alluvial & Red/Yellow Soil,Leafy Greens
35,20,30,6,75,28,1050,1300,North 24 Parganas,Alluvial & Red/Yellow Soil,Okra
40,22,32,6.2,77,27,1100,1350,North 24 Parganas,Alluvial & Red/Yellow Soil,Okra
38,18,28,6.1,76,25,1080,1320,North 24 Parganas,Alluvial & Red/Yellow Soil,Okra
42,24,34,6.3,78,26,1150,1400,North 24 Parganas,Alluvial & Red/Yellow Soil,Okra
40,22,32,6.5,80,24,1120,1370,North 24 Parganas,Alluvial & Red/Yellow Soil,Okra
45,25,35,6.1,76,25,1000,1200,North 24 Parganas,Alluvial & Red/Yellow Soil,Brinjal
48,28,38,6.3,78,24,1050,1250,North 24 Parganas,Alluvial & Red/Yellow Soil,Brinjal
42,22,32,6.2,77,26,950,1150,North 24 Parganas,Alluvial & Red/Yellow Soil,Brinjal
46,26,36,6.4,79,25,1020,1220,North 24 Parganas,Alluvial & Red/Yellow Soil,Brinjal
44,24,34,6.5,80,24,980,1180,North 24 Parganas,Alluvial & Red/Yellow Soil,Brinjal
50,30,40,6.3,80,24,1200,1500,North 24 Parganas,Alluvial & Red/Yellow Soil,Pigeon Pea
55,35,45,6.6,82,23,1300,1600,North 24 Parganas,Alluvial & Red/Yellow Soil,Pigeon Pea
48,28,38,6.4,78,26,1150,1450,North 24 Parganas,Alluvial & Red/Yellow Soil,Pigeon Pea
52,32,42,6.5,79,25,1250,1550,North 24 Parganas,Alluvial & Red/Yellow Soil,Pigeon Pea
50,30,40,6.7,81,24,1220,1520,North 24 Parganas,Alluvial & Red/Yellow Soil,Pigeon Pea
