N,P,K,pH,Humidity,Temperature,Rainfall,CropYield,District,SoilType,CropName
55,25,40,6.3,80,24,800,920,Dakshin Dinajpur,Alluvial Soil,Jute
52,22,38,6.2,79,23,780,900,Dakshin Dinajpur,Alluvial Soil,Jute
56,26,42,6.4,81,25,820,940,Dakshin Dinajpur,Alluvial Soil,Jute
53,23,39,6.1,78,26,790,910,Dakshin Dinajpur,Alluvial Soil,Jute
54,24,41,6.5,82,24,810,930,Dakshin Dinajpur,Alluvial Soil,Jute
58,28,44,6.2,79,25,830,960,Dakshin Dinajpur,Alluvial Soil,Jute
51,21,36,6.3,77,24,770,890,Dakshin Dinajpur,Alluvial Soil,Jute
60,30,46,6.1,83,26,850,980,Dakshin Dinajpur,Alluvial Soil,Jute
55,27,43,6.4,80,23,820,940,Dakshin Dinajpur,Alluvial Soil,Jute
57,25,42,6.3,81,24,810,930,Dakshin Dinajpur,Alluvial Soil,Jute
59,29,45,6.2,78,25,840,970,Dakshin Dinajpur,Alluvial Soil,Jute
50,20,35,6.5,84,23,800,950,Dakshin Dinajpur,Alluvial Soil,Jute
54,26,40,6.3,82,25,810,940,Dakshin Dinajpur,Alluvial Soil,Jute
53,25,39,6.2,79,24,790,920,Dakshin Dinajpur,Alluvial Soil,Jute
55,28,42,6.4,81,26,830,970,Dakshin Dinajpur,Alluvial Soil,Jute
52,23,38,6.1,78,25,780,900,Dakshin Dinajpur,Alluvial Soil,Jute
56,24,41,6.5,82,23,820,940,Dakshin Dinajpur,Alluvial Soil,Jute
54,27,40,6.3,80,24,800,920,Dakshin Dinajpur,Alluvial Soil,Jute
58,22,44,6.2,79,26,830,960,Dakshin Dinajpur,Alluvial Soil,Jute
51,26,38,6.4,81,24,780,900,Dakshin Dinajpur,Alluvial Soil,Jute
57,23,42,6.1,78,25,820,940,Dakshin Dinajpur,Alluvial Soil,Jute
53,24,39,6.5,82,23,790,910,Dakshin Dinajpur,Alluvial Soil,Jute
55,25,41,6.3,80,24,810,930,Dakshin Dinajpur,Alluvial Soil,Jute
59,27,43,6.2,79,23,840,970,Dakshin Dinajpur,Alluvial Soil,Jute
50,21,36,6.1,83,25,770,890,Dakshin Dinajpur,Alluvial Soil,Jute
58,30,46,6.4,80,24,850,980,Dakshin Dinajpur,Alluvial Soil,Jute
56,25,42,6.3,81,26,820,940,Dakshin Dinajpur,Alluvial Soil,Jute
52,22,38,6.2,78,25,780,900,Dakshin Dinajpur,Alluvial Soil,Jute
54,29,44,6.5,82,24,810,930,Dakshin Dinajpur,Alluvial Soil,Jute
53,23,39,6.1,79,26,790,910,Dakshin Dinajpur,Alluvial Soil,Jute
55,24,41,6.3,80,23,800,920,Dakshin Dinajpur,Alluvial Soil,Jute
57,26,43,6.4,81,25,820,940,Dakshin Dinajpur,Alluvial Soil,Jute
56,28,42,6.2,79,24,810,930,Dakshin Dinajpur,Alluvial Soil,Jute
59,27,45,6.3,81,25,840,970,Dakshin Dinajpur,Alluvial Soil,Jute
51,20,35,6.1,83,23,800,950,Dakshin Dinajpur,Alluvial Soil,Jute
54,26,40,6.4,82,25,810,940,Dakshin Dinajpur,Alluvial Soil,Jute
55,25,39,6.2,78,24,790,920,Dakshin Dinajpur,Alluvial Soil,Jute
57,29,42,6.5,84,26,830,970,Dakshin Dinajpur,Alluvial Soil,Jute
50,23,38,6.3,81,23,800,950,Dakshin Dinajpur,Alluvial Soil,Jute
58,24,41,6.2,78,25,820,940,Dakshin Dinajpur,Alluvial Soil,Jute
56,28,40,6.4,82,24,810,930,Dakshin Dinajpur,Alluvial Soil,Jute
90,45,70,5.8,75,29,950,1150,Dakshin Dinajpur,Alluvial Soil,Sugarcane
88,42,68,5.7,74,28,930,1120,Dakshin Dinajpur,Alluvial Soil,Sugarcane
92,46,72,5.9,76,27,970,1180,Dakshin Dinajpur,Alluvial Soil,Sugarcane
89,43,69,5.6,73,30,940,1140,Dakshin Dinajpur,Alluvial Soil,Sugarcane
91,44,71,6,77,26,960,1160,Dakshin Dinajpur,Alluvial Soil,Sugarcane
94,48,75,5.7,74,29,980,1200,Dakshin Dinajpur,Alluvial Soil,Sugarcane
87,41,67,6.1,78,27,920,1100,Dakshin Dinajpur,Alluvial Soil,Sugarcane
93,47,73,5.8,75,28,990,1220,Dakshin Dinajpur,Alluvial Soil,Sugarcane
90,45,70,6,77,27,950,1150,Dakshin Dinajpur,Alluvial Soil,Sugarcane
88,42,68,5.9,76,30,930,1120,Dakshin Dinajpur,Alluvial Soil,Sugarcane
92,46,72,5.6,73,26,970,1180,Dakshin Dinajpur,Alluvial Soil,Sugarcane
89,43,69,6.1,78,29,940,1140,Dakshin Dinajpur,Alluvial Soil,Sugarcane
91,44,71,5.8,75,28,960,1160,Dakshin Dinajpur,Alluvial Soil,Sugarcane
94,48,75,6,77,27,980,1200,Dakshin Dinajpur,Alluvial Soil,Sugarcane
87,41,67,5.9,76,30,920,1100,Dakshin Dinajpur,Alluvial Soil,Sugarcane
93,47,73,5.6,73,26,990,1220,Dakshin Dinajpur,Alluvial Soil,Sugarcane
90,45,70,5.8,75,29,950,1150,Dakshin Dinajpur,Alluvial Soil,Sugarcane
88,42,68,5.7,74,28,930,1120,Dakshin Dinajpur,Alluvial Soil,Sugarcane
92,46,72,5.9,76,27,970,1180,Dakshin Dinajpur,Alluvial Soil,Sugarcane
89,43,69,5.6,73,30,940,1140,Dakshin Dinajpur,Alluvial Soil,Sugarcane
91,44,71,6,77,26,960,1160,Dakshin Dinajpur,Alluvial Soil,Sugarcane
94,48,75,5.7,74,29,980,1200,Dakshin Dinajpur,Alluvial Soil,Sugarcane
87,41,67,6.1,78,27,920,1100,Dakshin Dinajpur,Alluvial Soil,Sugarcane
93,47,73,5.8,75,28,990,1220,Dakshin Dinajpur,Alluvial Soil,Sugarcane
90,45,70,6,77,27,950,1150,Dakshin Dinajpur,Alluvial Soil,Sugarcane
88,42,68,5.9,76,30,930,1120,Dakshin Dinajpur,Alluvial Soil,Sugarcane
92,46,72,5.6,73,26,970,1180,Dakshin Dinajpur,Alluvial Soil,Sugarcane
89,43,69,6.1,78,29,940,1140,Dakshin Dinajpur,Alluvial Soil,Sugarcane
91,44,71,5.8,75,28,960,1160,Dakshin Dinajpur,Alluvial Soil,Sugarcane
94,48,75,6,77,27,980,1200,Dakshin Dinajpur,Alluvial Soil,Sugarcane
87,41,67,5.9,76,30,920,1100,Dakshin Dinajpur,Alluvial Soil,Sugarcane
93,47,73,5.6,73,26,990,1220,Dakshin Dinajpur,Alluvial Soil,Sugarcane
90,45,70,5.8,75,29,950,1150,Dakshin Dinajpur,Alluvial Soil,Sugarcane
88,42,68,5.7,74,28,930,1120,Dakshin Dinajpur,Alluvial Soil,Sugarcane
92,46,72,5.9,76,27,970,1180,Dakshin Dinajpur,Alluvial Soil,Sugarcane
89,43,69,5.6,73,30,940,1140,Dakshin Dinajpur,Alluvial Soil,Sugarcane
91,44,71,6,77,26,960,1160,Dakshin Dinajpur,Alluvial Soil,Sugarcane
94,48,75,5.7,74,29,980,1200,Dakshin Dinajpur,Alluvial Soil,Sugarcane
87,41,67,6.1,78,27,920,1100,Dakshin Dinajpur,Alluvial Soil,Sugarcane
93,47,73,5.8,75,28,990,1220,Dakshin Dinajpur,Alluvial Soil,Sugarcane
40,20,30,6.6,80,27,720,880,Dakshin Dinajpur,Alluvial Soil,Wheat
38,18,28,6.8,82,24,700,860,Dakshin Dinajpur,Alluvial Soil,Wheat
42,22,32,6.5,79,26,730,900,Dakshin Dinajpur,Alluvial Soil,Wheat
39,19,29,6.7,81,25,710,880,Dakshin Dinajpur,Alluvial Soil,Wheat
41,21,31,6.4,78,27,740,910,Dakshin Dinajpur,Alluvial Soil,Wheat
44,24,34,6.8,82,25,760,940,Dakshin Dinajpur,Alluvial Soil,Wheat
37,17,27,6.6,80,26,690,850,Dakshin Dinajpur,Alluvial Soil,Wheat
43,23,33,6.7,81,24,750,920,Dakshin Dinajpur,Alluvial Soil,Wheat
40,20,30,6.5,79,27,720,880,Dakshin Dinajpur,Alluvial Soil,Wheat
38,18,28,6.8,82,24,700,860,Dakshin Dinajpur,Alluvial Soil,Wheat
42,22,32,6.7,81,26,730,900,Dakshin Dinajpur,Alluvial Soil,Wheat
39,19,29,6.6,80,25,710,880,Dakshin Dinajpur,Alluvial Soil,Wheat
41,21,31,6.4,78,27,740,910,Dakshin Dinajpur,Alluvial Soil,Wheat
44,24,34,6.8,82,25,760,940,Dakshin Dinajpur,Alluvial Soil,Wheat
37,17,27,6.6,80,26,690,850,Dakshin Dinajpur,Alluvial Soil,Wheat
43,23,33,6.7,81,24,750,920,Dakshin Dinajpur,Alluvial Soil,Wheat
40,20,30,6.5,79,27,720,880,Dakshin Dinajpur,Alluvial Soil,Wheat
38,18,28,6.8,82,24,700,860,Dakshin Dinajpur,Alluvial Soil,Wheat
42,22,32,6.7,81,26,730,900,Dakshin Dinajpur,Alluvial Soil,Wheat
39,19,29,6.6,80,25,710,880,Dakshin Dinajpur,Alluvial Soil,Wheat
41,21,31,6.4,78,27,740,910,Dakshin Dinajpur,Alluvial Soil,Wheat
44,24,34,6.8,82,25,760,940,Dakshin Dinajpur,Alluvial Soil,Wheat
37,17,27,6.6,80,26,690,850,Dakshin Dinajpur,Alluvial Soil,Wheat
43,23,33,6.7,81,24,750,920,Dakshin Dinajpur,Alluvial Soil,Wheat
40,20,30,6.5,79,27,720,880,Dakshin Dinajpur,Alluvial Soil,Wheat
38,18,28,6.8,82,24,700,860,Dakshin Dinajpur,Alluvial Soil,Wheat
42,22,32,6.7,81,26,730,900,Dakshin Dinajpur,Alluvial Soil,Wheat
39,19,29,6.6,80,25,710,880,Dakshin Dinajpur,Alluvial Soil,Wheat
41,21,31,6.4,78,27,740,910,Dakshin Dinajpur,Alluvial Soil,Wheat
44,24,34,6.8,82,25,760,940,Dakshin Dinajpur,Alluvial Soil,Wheat
37,17,27,6.6,80,26,690,850,Dakshin Dinajpur,Alluvial Soil,Wheat
43,23,33,6.7,81,24,750,920,Dakshin Dinajpur,Alluvial Soil,Wheat
85,42,62,6,79,27,880,1030,Dakshin Dinajpur,Alluvial Soil,Potatoes
82,38,60,6.2,80,26,860,1000,Dakshin Dinajpur,Alluvial Soil,Potatoes
88,44,65,6.4,82,25,900,1070,Dakshin Dinajpur,Alluvial Soil,Potatoes
86,40,63,6.1,78,28,890,1050,Dakshin Dinajpur,Alluvial Soil,Potatoes
89,45,66,6.5,81,24,910,1090,Dakshin Dinajpur,Alluvial Soil,Potatoes
92,48,70,6.2,80,27,930,1120,Dakshin Dinajpur,Alluvial Soil,Potatoes
83,36,58,6.4,82,26,870,990,Dakshin Dinajpur,Alluvial Soil,Potatoes
91,47,69,6.1,78,28,950,1160,Dakshin Dinajpur,Alluvial Soil,Potatoes
86,42,62,6,79,27,880,1030,Dakshin Dinajpur,Alluvial Soil,Potatoes
84,38,60,6.2,80,26,860,1000,Dakshin Dinajpur,Alluvial Soil,Potatoes
90,44,65,6.4,82,25,900,1070,Dakshin Dinajpur,Alluvial Soil,Potatoes
87,40,63,6.1,78,28,890,1050,Dakshin Dinajpur,Alluvial Soil,Potatoes
89,45,66,6.5,81,24,910,1090,Dakshin Dinajpur,Alluvial Soil,Potatoes
92,48,70,6.2,80,27,930,1120,Dakshin Dinajpur,Alluvial Soil,Potatoes
83,36,58,6.4,82,26,870,990,Dakshin Dinajpur,Alluvial Soil,Potatoes
91,47,69,6.1,78,28,950,1160,Dakshin Dinajpur,Alluvial Soil,Potatoes
86,42,62,6,79,27,880,1030,Dakshin Dinajpur,Alluvial Soil,Potatoes
84,38,60,6.2,80,26,860,1000,Dakshin Dinajpur,Alluvial Soil,Potatoes
90,44,65,6.4,82,25,900,1070,Dakshin Dinajpur,Alluvial Soil,Potatoes
87,40,63,6.1,78,28,890,1050,Dakshin Dinajpur,Alluvial Soil,Potatoes
89,45,66,6.5,81,24,910,1090,Dakshin Dinajpur,Alluvial Soil,Potatoes
92,48,70,6.2,80,27,930,1120,Dakshin Dinajpur,Alluvial Soil,Potatoes
83,36,58,6.4,82,26,870,990,Dakshin Dinajpur,Alluvial Soil,Potatoes
91,47,69,6.1,78,28,950,1160,Dakshin Dinajpur,Alluvial Soil,Potatoes
86,42,62,6,79,27,880,1030,Dakshin Dinajpur,Alluvial Soil,Potatoes
84,38,60,6.2,80,26,860,1000,Dakshin Dinajpur,Alluvial Soil,Potatoes
90,44,65,6.4,82,25,900,1070,Dakshin Dinajpur,Alluvial Soil,Potatoes
87,40,63,6.1,78,28,890,1050,Dakshin Dinajpur,Alluvial Soil,Potatoes
89,45,66,6.5,81,24,910,1090,Dakshin Dinajpur,Alluvial Soil,Potatoes
92,48,70,6.2,80,27,930,1120,Dakshin Dinajpur,Alluvial Soil,Potatoes
83,36,58,6.4,82,26,870,990,Dakshin Dinajpur,Alluvial Soil,Potatoes
91,47,69,6.1,78,28,950,1160,Dakshin Dinajpur,Alluvial Soil,Potatoes
86,42,62,6,79,27,880,1030,Dakshin Dinajpur,Alluvial Soil,Potatoes
84,38,60,6.2,80,26,860,1000,Dakshin Dinajpur,Alluvial Soil,Potatoes
90,44,65,6.4,82,25,900,1070,Dakshin Dinajpur,Alluvial Soil,Potatoes
87,40,63,6.1,78,28,890,1050,Dakshin Dinajpur,Alluvial Soil,Potatoes
89,45,66,6.5,81,24,910,1090,Dakshin Dinajpur,Alluvial Soil,Potatoes
92,48,70,6.2,80,27,930,1120,Dakshin Dinajpur,Alluvial Soil,Potatoes
83,36,58,6.4,82,26,870,990,Dakshin Dinajpur,Alluvial Soil,Potatoes
91,47,69,6.1,78,28,950,1160,Dakshin Dinajpur,Alluvial Soil,Potatoes
65,30,45,6.5,77,28,820,970,Dakshin Dinajpur,Alluvial Soil,Maize
70,35,50,6.4,76,25,850,1000,Dakshin Dinajpur,Alluvial Soil,Maize
68,32,48,6.6,79,27,830,990,Dakshin Dinajpur,Alluvial Soil,Maize
72,36,52,6.3,78,26,880,1040,Dakshin Dinajpur,Alluvial Soil,Maize
70,34,50,6.7,82,24,860,1020,Dakshin Dinajpur,Alluvial Soil,Maize
75,39,55,6.4,76,28,890,1080,Dakshin Dinajpur,Alluvial Soil,Maize
67,31,47,6.6,79,25,830,980,Dakshin Dinajpur,Alluvial Soil,Maize
73,37,53,6.3,78,27,900,1060,Dakshin Dinajpur,Alluvial Soil,Maize
68,33,49,6.5,77,28,820,970,Dakshin Dinajpur,Alluvial Soil,Maize
71,36,51,6.4,76,25,850,1000,Dakshin Dinajpur,Alluvial Soil,Maize
69,32,48,6.6,79,27,830,990,Dakshin Dinajpur,Alluvial Soil,Maize
74,38,54,6.3,78,26,880,1040,Dakshin Dinajpur,Alluvial Soil,Maize
72,34,52,6.7,82,24,860,1020,Dakshin Dinajpur,Alluvial Soil,Maize
77,41,57,6.4,76,28,890,1080,Dakshin Dinajpur,Alluvial Soil,Maize
66,30,46,6.6,79,25,830,980,Dakshin Dinajpur,Alluvial Soil,Maize
72,36,52,6.3,78,27,900,1060,Dakshin Dinajpur,Alluvial Soil,Maize
68,33,49,6.5,77,28,820,970,Dakshin Dinajpur,Alluvial Soil,Maize
71,35,51,6.4,76,25,850,1000,Dakshin Dinajpur,Alluvial Soil,Maize
69,32,48,6.6,79,27,830,990,Dakshin Dinajpur,Alluvial Soil,Maize
74,38,54,6.3,78,26,880,1040,Dakshin Dinajpur,Alluvial Soil,Maize
72,34,52,6.7,82,24,860,1020,Dakshin Dinajpur,Alluvial Soil,Maize
77,41,57,6.4,76,28,890,1080,Dakshin Dinajpur,Alluvial Soil,Maize
66,30,46,6.6,79,25,830,980,Dakshin Dinajpur,Alluvial Soil,Maize
72,36,52,6.3,78,27,900,1060,Dakshin Dinajpur,Alluvial Soil,Maize
68,33,49,6.5,77,28,820,970,Dakshin Dinajpur,Alluvial Soil,Maize
71,35,51,6.4,76,25,850,1000,Dakshin Dinajpur,Alluvial Soil,Maize
69,32,48,6.6,79,27,830,990,Dakshin Dinajpur,Alluvial Soil,Maize
74,38,54,6.3,78,26,880,1040,Dakshin Dinajpur,Alluvial Soil,Maize
72,34,52,6.7,82,24,860,1020,Dakshin Dinajpur,Alluvial Soil,Maize
77,41,57,6.4,76,28,890,1080,Dakshin Dinajpur,Alluvial Soil,Maize
66,30,46,6.6,79,25,830,980,Dakshin Dinajpur,Alluvial Soil,Maize
72,36,52,6.3,78,27,900,1060,Dakshin Dinajpur,Alluvial Soil,Maize
68,33,49,6.5,77,28,820,970,Dakshin Dinajpur,Alluvial Soil,Maize
71,35,51,6.4,76,25,850,1000,Dakshin Dinajpur,Alluvial Soil,Maize
69,32,48,6.6,79,27,830,990,Dakshin Dinajpur,Alluvial Soil,Maize
74,38,54,6.3,78,26,880,1040,Dakshin Dinajpur,Alluvial Soil,Maize
72,34,52,6.7,82,24,860,1020,Dakshin Dinajpur,Alluvial Soil,Maize
77,41,57,6.4,76,28,890,1080,Dakshin Dinajpur,Alluvial Soil,Maize
66,30,46,6.6,79,25,830,980,Dakshin Dinajpur,Alluvial Soil,Maize
55,26,40,6.4,78,25,760,890,Dakshin Dinajpur,Alluvial Soil,Cucumbers
53,24,38,6.3,77,24,740,870,Dakshin Dinajpur,Alluvial Soil,Cucumbers
57,28,42,6.5,79,23,780,910,Dakshin Dinajpur,Alluvial Soil,Cucumbers
54,25,39,6.2,76,26,750,880,Dakshin Dinajpur,Alluvial Soil,Cucumbers
56,27,41,6.6,80,22,770,900,Dakshin Dinajpur,Alluvial Soil,Cucumbers
59,30,45,6.3,77,25,790,930,Dakshin Dinajpur,Alluvial Soil,Cucumbers
52,23,38,6.5,79,24,760,900,Dakshin Dinajpur,Alluvial Soil,Cucumbers
58,29,43,6.2,76,27,800,940,Dakshin Dinajpur,Alluvial Soil,Cucumbers
55,26,40,6.4,78,25,760,890,Dakshin Dinajpur,Alluvial Soil,Cucumbers
53,24,38,6.3,77,24,740,870,Dakshin Dinajpur,Alluvial Soil,Cucumbers
57,28,42,6.5,79,23,780,910,Dakshin Dinajpur,Alluvial Soil,Cucumbers
54,25,39,6.2,76,26,750,880,Dakshin Dinajpur,Alluvial Soil,Cucumbers
56,27,41,6.6,80,22,770,900,Dakshin Dinajpur,Alluvial Soil,Cucumbers
59,30,45,6.3,77,25,790,930,Dakshin Dinajpur,Alluvial Soil,Cucumbers
52,23,38,6.5,79,24,760,900,Dakshin Dinajpur,Alluvial Soil,Cucumbers
58,29,43,6.2,76,27,800,940,Dakshin Dinajpur,Alluvial Soil,Cucumbers
55,26,40,6.4,78,25,760,890,Dakshin Dinajpur,Alluvial Soil,Cucumbers
53,24,38,6.3,77,24,740,870,Dakshin Dinajpur,Alluvial Soil,Cucumbers
57,28,42,6.5,79,23,780,910,Dakshin Dinajpur,Alluvial Soil,Cucumbers
54,25,39,6.2,76,26,750,880,Dakshin Dinajpur,Alluvial Soil,Cucumbers
56,27,41,6.6,80,22,770,900,Dakshin Dinajpur,Alluvial Soil,Cucumbers
59,30,45,6.3,77,25,790,930,Dakshin Dinajpur,Alluvial Soil,Cucumbers
52,23,38,6.5,79,24,760,900,Dakshin Dinajpur,Alluvial Soil,Cucumbers
58,29,43,6.2,76,27,800,940,Dakshin Dinajpur,Alluvial Soil,Cucumbers
55,26,40,6.4,78,25,760,890,Dakshin Dinajpur,Alluvial Soil,Cucumbers
53,24,38,6.3,77,24,740,870,Dakshin Dinajpur,Alluvial Soil,Cucumbers
57,28,42,6.5,79,23,780,910,Dakshin Dinajpur,Alluvial Soil,Cucumbers
54,25,39,6.2,76,26,750,880,Dakshin Dinajpur,Alluvial Soil,Cucumbers
56,27,41,6.6,80,22,770,900,Dakshin Dinajpur,Alluvial Soil,Cucumbers
59,30,45,6.3,77,25,790,930,Dakshin Dinajpur,Alluvial Soil,Cucumbers
52,23,38,6.5,79,24,760,900,Dakshin Dinajpur,Alluvial Soil,Cucumbers
58,29,43,6.2,76,27,800,940,Dakshin Dinajpur,Alluvial Soil,Cucumbers
55,26,40,6.4,78,25,760,890,Dakshin Dinajpur,Alluvial Soil,Cucumbers
53,24,38,6.3,77,24,740,870,Dakshin Dinajpur,Alluvial Soil,Cucumbers
57,28,42,6.5,79,23,780,910,Dakshin Dinajpur,Alluvial Soil,Cucumbers
54,25,39,6.2,76,26,750,880,Dakshin Dinajpur,Alluvial Soil,Cucumbers
56,27,41,6.6,80,22,770,900,Dakshin Dinajpur,Alluvial Soil,Cucumbers
59,30,45,6.3,77,25,790,930,Dakshin Dinajpur,Alluvial Soil,Cucumbers
52,23,38,6.5,79,24,760,900,Dakshin Dinajpur,Alluvial Soil,Cucumbers
58,29,43,6.2,76,27,800,940,Dakshin Dinajpur,Alluvial Soil,Cucumbers
60,28,45,6.5,80,26,780,920,Dakshin Dinajpur,Alluvial Soil,Okra
58,26,43,6.4,79,25,760,900,Dakshin Dinajpur,Alluvial Soil,Okra
62,30,47,6.6,81,24,800,940,Dakshin Dinajpur,Alluvial Soil,Okra
59,27,44,6.3,78,27,770,910,Dakshin Dinajpur,Alluvial Soil,Okra
61,29,46,6.7,82,25,790,930,Dakshin Dinajpur,Alluvial Soil,Okra
64,32,49,6.4,79,26,810,950,Dakshin Dinajpur,Alluvial Soil,Okra
57,25,42,6.6,81,24,780,920,Dakshin Dinajpur,Alluvial Soil,Okra
63,31,48,6.3,78,27,790,940,Dakshin Dinajpur,Alluvial Soil,Okra
60,28,45,6.5,80,26,780,920,Dakshin Dinajpur,Alluvial Soil,Okra
58,26,43,6.4,79,25,760,900,Dakshin Dinajpur,Alluvial Soil,Okra
62,30,47,6.6,81,24,800,940,Dakshin Dinajpur,Alluvial Soil,Okra
59,27,44,6.3,78,27,770,910,Dakshin Dinajpur,Alluvial Soil,Okra
61,29,46,6.7,82,25,790,930,Dakshin Dinajpur,Alluvial Soil,Okra
64,32,49,6.4,79,26,810,950,Dakshin Dinajpur,Alluvial Soil,Okra
57,25,42,6.6,81,24,780,920,Dakshin Dinajpur,Alluvial Soil,Okra
63,31,48,6.3,78,27,790,940,Dakshin Dinajpur,Alluvial Soil,Okra
60,28,45,6.5,80,26,780,920,Dakshin Dinajpur,Alluvial Soil,Okra
58,26,43,6.4,79,25,760,900,Dakshin Dinajpur,Alluvial Soil,Okra
62,30,47,6.6,81,24,800,940,Dakshin Dinajpur,Alluvial Soil,Okra
59,27,44,6.3,78,27,770,910,Dakshin Dinajpur,Alluvial Soil,Okra
61,29,46,6.7,82,25,790,930,Dakshin Dinajpur,Alluvial Soil,Okra
64,32,49,6.4,79,26,810,950,Dakshin Dinajpur,Alluvial Soil,Okra
57,25,42,6.6,81,24,780,920,Dakshin Dinajpur,Alluvial Soil,Okra
63,31,48,6.3,78,27,790,940,Dakshin Dinajpur,Alluvial Soil,Okra
60,28,45,6.5,80,26,780,920,Dakshin Dinajpur,Alluvial Soil,Okra
58,26,43,6.4,79,25,760,900,Dakshin Dinajpur,Alluvial Soil,Okra
62,30,47,6.6,81,24,800,940,Dakshin Dinajpur,Alluvial Soil,Okra
59,27,44,6.3,78,27,770,910,Dakshin Dinajpur,Alluvial Soil,Okra
61,29,46,6.7,82,25,790,930,Dakshin Dinajpur,Alluvial Soil,Okra
64,32,49,6.4,79,26,810,950,Dakshin Dinajpur,Alluvial Soil,Okra
57,25,42,6.6,81,24,780,920,Dakshin Dinajpur,Alluvial Soil,Okra
63,31,48,6.3,78,27,790,940,Dakshin Dinajpur,Alluvial Soil,Okra
60,28,45,6.5,80,26,780,920,Dakshin Dinajpur,Alluvial Soil,Okra
58,26,43,6.4,79,25,760,900,Dakshin Dinajpur,Alluvial Soil,Okra
62,30,47,6.6,81,24,800,940,Dakshin Dinajpur,Alluvial Soil,Okra
59,27,44,6.3,78,27,770,910,Dakshin Dinajpur,Alluvial Soil,Okra
61,29,46,6.7,82,25,790,930,Dakshin Dinajpur,Alluvial Soil,Okra
64,32,49,6.4,79,26,810,950,Dakshin Dinajpur,Alluvial Soil,Okra
70,32,50,6.3,82,24,850,970,Dakshin Dinajpur,Alluvial Soil,Tomatoes
72,34,52,6.2,81,23,870,990,Dakshin Dinajpur,Alluvial Soil,Tomatoes
68,30,48,6.5,83,22,830,950,Dakshin Dinajpur,Alluvial Soil,Tomatoes
75,36,55,6.4,82,25,890,1010,Dakshin Dinajpur,Alluvial Soil,Tomatoes
73,33,53,6.6,84,21,860,980,Dakshin Dinajpur,Alluvial Soil,Tomatoes
78,38,58,6.3,82,24,870,1000,Dakshin Dinajpur,Alluvial Soil,Tomatoes
71,31,51,6.5,83,23,840,960,Dakshin Dinajpur,Alluvial Soil,Tomatoes
77,37,57,6.2,81,26,900,1040,Dakshin Dinajpur,Alluvial Soil,Tomatoes
70,32,50,6.3,82,24,850,970,Dakshin Dinajpur,Alluvial Soil,Tomatoes
72,34,52,6.2,81,23,870,990,Dakshin Dinajpur,Alluvial Soil,Tomatoes
68,30,48,6.5,83,22,830,950,Dakshin Dinajpur,Alluvial Soil,Tomatoes
75,36,55,6.4,82,25,890,1010,Dakshin Dinajpur,Alluvial Soil,Tomatoes
73,33,53,6.6,84,21,860,980,Dakshin Dinajpur,Alluvial Soil,Tomatoes
78,38,58,6.3,82,24,870,1000,Dakshin Dinajpur,Alluvial Soil,Tomatoes
71,31,51,6.5,83,23,840,960,Dakshin Dinajpur,Alluvial Soil,Tomatoes
77,37,57,6.2,81,26,900,1040,Dakshin Dinajpur,Alluvial Soil,Tomatoes
70,32,50,6.3,82,24,850,970,Dakshin Dinajpur,Alluvial Soil,Tomatoes
72,34,52,6.2,81,23,870,990,Dakshin Dinajpur,Alluvial Soil,Tomatoes
68,30,48,6.5,83,22,830,950,Dakshin Dinajpur,Alluvial Soil,Tomatoes
75,36,55,6.4,82,25,890,1010,Dakshin Dinajpur,Alluvial Soil,Tomatoes
73,33,53,6.6,84,21,860,980,Dakshin Dinajpur,Alluvial Soil,Tomatoes
78,38,58,6.3,82,24,870,1000,Dakshin Dinajpur,Alluvial Soil,Tomatoes
71,31,51,6.5,83,23,840,960,Dakshin Dinajpur,Alluvial Soil,Tomatoes
77,37,57,6.2,81,26,900,1040,Dakshin Dinajpur,Alluvial Soil,Tomatoes
70,32,50,6.3,82,24,850,970,Dakshin Dinajpur,Alluvial Soil,Tomatoes
72,34,52,6.2,81,23,870,990,Dakshin Dinajpur,Alluvial Soil,Tomatoes
68,30,48,6.5,83,22,830,950,Dakshin Dinajpur,Alluvial Soil,Tomatoes
75,36,55,6.4,82,25,890,1010,Dakshin Dinajpur,Alluvial Soil,Tomatoes
73,33,53,6.6,84,21,860,980,Dakshin Dinajpur,Alluvial Soil,Tomatoes
78,38,58,6.3,82,24,870,1000,Dakshin Dinajpur,Alluvial Soil,Tomatoes
71,31,51,6.5,83,23,840,960,Dakshin Dinajpur,Alluvial Soil,Tomatoes
77,37,57,6.2,81,26,900,1040,Dakshin Dinajpur,Alluvial Soil,Tomatoes
70,32,50,6.3,82,24,850,970,Dakshin Dinajpur,Alluvial Soil,Tomatoes
72,34,52,6.2,81,23,870,990,Dakshin Dinajpur,Alluvial Soil,Tomatoes
68,30,48,6.5,83,22,830,950,Dakshin Dinajpur,Alluvial Soil,Tomatoes
75,36,55,6.4,82,25,890,1010,Dakshin Dinajpur,Alluvial Soil,Tomatoes
73,33,53,6.6,84,21,860,980,Dakshin Dinajpur,Alluvial Soil,Tomatoes
78,38,58,6.3,82,24,870,1000,Dakshin Dinajpur,Alluvial Soil,Tomatoes
71,31,51,6.5,83,23,840,960,Dakshin Dinajpur,Alluvial Soil,Tomatoes
77,37,57,6.2,81,26,900,1040,Dakshin Dinajpur,Alluvial Soil,Tomatoes
40,18,30,6.6,75,28,700,850,Dakshin Dinajpur,Alluvial Soil,Mustard and Sesame
38,16,28,6.5,74,27,680,820,Dakshin Dinajpur,Alluvial Soil,Mustard and Sesame
42,20,32,6.7,76,26,710,870,Dakshin Dinajpur,Alluvial Soil,Mustard and Sesame
39,17,29,6.4,73,29,690,840,Dakshin Dinajpur,Alluvial Soil,Mustard and Sesame
41,19,31,6.8,77,25,720,880,Dakshin Dinajpur,Alluvial Soil,Mustard and Sesame
44,22,34,6.5,75,28,730,900,Dakshin Dinajpur,Alluvial Soil,Mustard and Sesame
37,15,27,6.8,76,26,690,830,Dakshin Dinajpur,Alluvial Soil,Mustard and Sesame
43,21,33,6.4,74,29,750,920,Dakshin Dinajpur,Alluvial Soil,Mustard and Sesame
40,18,30,6.6,75,28,700,850,Dakshin Dinajpur,Alluvial Soil,Mustard and Sesame
38,16,28,6.5,74,27,680,820,Dakshin Dinajpur,Alluvial Soil,Mustard and Sesame
42,20,32,6.7,76,26,710,870,Dakshin Dinajpur,Alluvial Soil,Mustard and Sesame
39,17,29,6.4,73,29,690,840,Dakshin Dinajpur,Alluvial Soil,Mustard and Sesame
41,19,31,6.8,77,25,720,880,Dakshin Dinajpur,Alluvial Soil,Mustard and Sesame
44,22,34,6.5,75,28,730,900,Dakshin Dinajpur,Alluvial Soil,Mustard and Sesame
37,15,27,6.8,76,26,690,830,Dakshin Dinajpur,Alluvial Soil,Mustard and Sesame
43,21,33,6.4,74,29,750,920,Dakshin Dinajpur,Alluvial Soil,Mustard and Sesame
40,18,30,6.6,75,28,700,850,Dakshin Dinajpur,Alluvial Soil,Mustard and Sesame
38,16,28,6.5,74,27,680,820,Dakshin Dinajpur,Alluvial Soil,Mustard and Sesame
42,20,32,6.7,76,26,710,870,Dakshin Dinajpur,Alluvial Soil,Mustard and Sesame
39,17,29,6.4,73,29,690,840,Dakshin Dinajpur,Alluvial Soil,Mustard and Sesame
41,19,31,6.8,77,25,720,880,Dakshin Dinajpur,Alluvial Soil,Mustard and Sesame
44,22,34,6.5,75,28,730,900,Dakshin Dinajpur,Alluvial Soil,Mustard and Sesame
37,15,27,6.8,76,26,690,830,Dakshin Dinajpur,Alluvial Soil,Mustard and Sesame
43,21,33,6.4,74,29,750,920,Dakshin Dinajpur,Alluvial Soil,Mustard and Sesame
40,18,30,6.6,75,28,700,850,Dakshin Dinajpur,Alluvial Soil,Mustard and Sesame
38,16,28,6.5,74,27,680,820,Dakshin Dinajpur,Alluvial Soil,Mustard and Sesame
42,20,32,6.7,76,26,710,870,Dakshin Dinajpur,Alluvial Soil,Mustard and Sesame
39,17,29,6.4,73,29,690,840,Dakshin Dinajpur,Alluvial Soil,Mustard and Sesame
41,19,31,6.8,77,25,720,880,Dakshin Dinajpur,Alluvial Soil,Mustard and Sesame
44,22,34,6.5,75,28,730,900,Dakshin Dinajpur,Alluvial Soil,Mustard and Sesame
37,15,27,6.8,76,26,690,830,Dakshin Dinajpur,Alluvial Soil,Mustard and Sesame
43,21,33,6.4,74,29,750,920,Dakshin Dinajpur,Alluvial Soil,Mustard and Sesame
55,30,45,6,77,28,800,920,Dakshin Dinajpur,Alluvial Soil,Black Gram
52,28,42,6.2,79,27,780,900,Dakshin Dinajpur,Alluvial Soil,Black Gram
56,32,46,6.1,78,26,810,930,Dakshin Dinajpur,Alluvial Soil,Black Gram
53,29,43,6.3,80,25,790,910,Dakshin Dinajpur,Alluvial Soil,Black Gram
54,31,44,6.4,81,24,820,940,Dakshin Dinajpur,Alluvial Soil,Black Gram
57,33,47,6.2,79,28,830,950,Dakshin Dinajpur,Alluvial Soil,Black Gram
51,27,41,6.4,81,26,800,920,Dakshin Dinajpur,Alluvial Soil,Black Gram
58,34,48,6.1,78,29,850,980,Dakshin Dinajpur,Alluvial Soil,Black Gram
55,30,45,6,77,28,800,920,Dakshin Dinajpur,Alluvial Soil,Black Gram
52,28,42,6.2,79,27,780,900,Dakshin Dinajpur,Alluvial Soil,Black Gram
56,32,46,6.1,78,26,810,930,Dakshin Dinajpur,Alluvial Soil,Black Gram
53,29,43,6.3,80,25,790,910,Dakshin Dinajpur,Alluvial Soil,Black Gram
54,31,44,6.4,81,24,820,940,Dakshin Dinajpur,Alluvial Soil,Black Gram
57,33,47,6.2,79,28,830,950,Dakshin Dinajpur,Alluvial Soil,Black Gram
51,27,41,6.4,81,26,800,920,Dakshin Dinajpur,Alluvial Soil,Black Gram
58,34,48,6.1,78,29,850,980,Dakshin Dinajpur,Alluvial Soil,Black Gram
55,30,45,6,77,28,800,920,Dakshin Dinajpur,Alluvial Soil,Black Gram
52,28,42,6.2,79,27,780,900,Dakshin Dinajpur,Alluvial Soil,Black Gram
56,32,46,6.1,78,26,810,930,Dakshin Dinajpur,Alluvial Soil,Black Gram
53,29,43,6.3,80,25,790,910,Dakshin Dinajpur,Alluvial Soil,Black Gram
54,31,44,6.4,81,24,820,940,Dakshin Dinajpur,Alluvial Soil,Black Gram
57,33,47,6.2,79,28,830,950,Dakshin Dinajpur,Alluvial Soil,Black Gram
51,27,41,6.4,81,26,800,920,Dakshin Dinajpur,Alluvial Soil,Black Gram
58,34,48,6.1,78,29,850,980,Dakshin Dinajpur,Alluvial Soil,Black Gram
55,30,45,6,77,28,800,920,Dakshin Dinajpur,Alluvial Soil,Black Gram
52,28,42,6.2,79,27,780,900,Dakshin Dinajpur,Alluvial Soil,Black Gram
56,32,46,6.1,78,26,810,930,Dakshin Dinajpur,Alluvial Soil,Black Gram
53,29,43,6.3,80,25,790,910,Dakshin Dinajpur,Alluvial Soil,Black Gram
54,31,44,6.4,81,24,820,940,Dakshin Dinajpur,Alluvial Soil,Black Gram
57,33,47,6.2,79,28,830,950,Dakshin Dinajpur,Alluvial Soil,Black Gram
51,27,41,6.4,81,26,800,920,Dakshin Dinajpur,Alluvial Soil,Black Gram
58,34,48,6.1,78,29,850,980,Dakshin Dinajpur,Alluvial Soil,Black Gram
55,30,45,6,77,28,800,920,Dakshin Dinajpur,Alluvial Soil,Black Gram
52,28,42,6.2,79,27,780,900,Dakshin Dinajpur,Alluvial Soil,Black Gram
56,32,46,6.1,78,26,810,930,Dakshin Dinajpur,Alluvial Soil,Black Gram
53,29,43,6.3,80,25,790,910,Dakshin Dinajpur,Alluvial Soil,Black Gram
54,31,44,6.4,81,24,820,940,Dakshin Dinajpur,Alluvial Soil,Black Gram
57,33,47,6.2,79,28,830,950,Dakshin Dinajpur,Alluvial Soil,Black Gram
51,27,41,6.4,81,26,800,920,Dakshin Dinajpur,Alluvial Soil,Black Gram
58,34,48,6.1,78,29,850,980,Dakshin Dinajpur,Alluvial Soil,Black Gram
45,20,35,6.5,78,26,750,880,Dakshin Dinajpur,Alluvial Soil,Mung Bean
42,18,33,6.4,77,25,730,860,Dakshin Dinajpur,Alluvial Soil,Mung Bean
46,22,37,6.6,80,24,770,900,Dakshin Dinajpur,Alluvial Soil,Mung Bean
43,19,34,6.3,79,27,740,870,Dakshin Dinajpur,Alluvial Soil,Mung Bean
44,21,36,6.7,81,25,760,890,Dakshin Dinajpur,Alluvial Soil,Mung Bean
48,25,40,6.4,78,26,780,910,Dakshin Dinajpur,Alluvial Soil,Mung Bean
41,17,32,6.6,80,24,760,880,Dakshin Dinajpur,Alluvial Soil,Mung Bean
47,23,38,6.3,79,27,790,920,Dakshin Dinajpur,Alluvial Soil,Mung Bean
45,20,35,6.5,78,26,750,880,Dakshin Dinajpur,Alluvial Soil,Mung Bean
42,18,33,6.4,77,25,730,860,Dakshin Dinajpur,Alluvial Soil,Mung Bean
46,22,37,6.6,80,24,770,900,Dakshin Dinajpur,Alluvial Soil,Mung Bean
43,19,34,6.3,79,27,740,870,Dakshin Dinajpur,Alluvial Soil,Mung Bean
44,21,36,6.7,81,25,760,890,Dakshin Dinajpur,Alluvial Soil,Mung Bean
48,25,40,6.4,78,26,780,910,Dakshin Dinajpur,Alluvial Soil,Mung Bean
41,17,32,6.6,80,24,760,880,Dakshin Dinajpur,Alluvial Soil,Mung Bean
47,23,38,6.3,79,27,790,920,Dakshin Dinajpur,Alluvial Soil,Mung Bean
45,20,35,6.5,78,26,750,880,Dakshin Dinajpur,Alluvial Soil,Mung Bean
42,18,33,6.4,77,25,730,860,Dakshin Dinajpur,Alluvial Soil,Mung Bean
46,22,37,6.6,80,24,770,900,Dakshin Dinajpur,Alluvial Soil,Mung Bean
43,19,34,6.3,79,27,740,870,Dakshin Dinajpur,Alluvial Soil,Mung Bean
44,21,36,6.7,81,25,760,890,Dakshin Dinajpur,Alluvial Soil,Mung Bean
48,25,40,6.4,78,26,780,910,Dakshin Dinajpur,Alluvial Soil,Mung Bean
41,17,32,6.6,80,24,760,880,Dakshin Dinajpur,Alluvial Soil,Mung Bean
47,23,38,6.3,79,27,790,920,Dakshin Dinajpur,Alluvial Soil,Mung Bean
45,20,35,6.5,78,26,750,880,Dakshin Dinajpur,Alluvial Soil,Mung Bean
42,18,33,6.4,77,25,730,860,Dakshin Dinajpur,Alluvial Soil,Mung Bean
46,22,37,6.6,80,24,770,900,Dakshin Dinajpur,Alluvial Soil,Mung Bean
43,19,34,6.3,79,27,740,870,Dakshin Dinajpur,Alluvial Soil,Mung Bean
44,21,36,6.7,81,25,760,890,Dakshin Dinajpur,Alluvial Soil,Mung Bean
48,25,40,6.4,78,26,780,910,Dakshin Dinajpur,Alluvial Soil,Mung Bean
41,17,32,6.6,80,24,760,880,Dakshin Dinajpur,Alluvial Soil,Mung Bean
47,23,38,6.3,79,27,790,920,Dakshin Dinajpur,Alluvial Soil,Mung Bean
50,25,40,6.2,79,27,800,900,Dakshin Dinajpur,Alluvial Soil,Pigeon Pea
48,22,38,6.1,78,26,780,880,Dakshin Dinajpur,Alluvial Soil,Pigeon Pea
52,28,42,6.3,80,25,820,920,Dakshin Dinajpur,Alluvial Soil,Pigeon Pea
49,24,39,6,77,28,790,890,Dakshin Dinajpur,Alluvial Soil,Pigeon Pea
51,26,41,6.4,81,24,810,910,Dakshin Dinajpur,Alluvial Soil,Pigeon Pea
55,30,45,6.2,79,27,800,900,Dakshin Dinajpur,Alluvial Soil,Pigeon Pea
47,23,37,6.1,78,26,780,880,Dakshin Dinajpur,Alluvial Soil,Pigeon Pea
53,29,43,6.3,80,25,820,920,Dakshin Dinajpur,Alluvial Soil,Pigeon Pea
50,25,40,6.2,79,27,800,900,Dakshin Dinajpur,Alluvial Soil,Pigeon Pea
48,22,38,6.1,78,26,780,880,Dakshin Dinajpur,Alluvial Soil,Pigeon Pea
52,28,42,6.3,80,25,820,920,Dakshin Dinajpur,Alluvial Soil,Pigeon Pea
49,24,39,6,77,28,790,890,Dakshin Dinajpur,Alluvial Soil,Pigeon Pea
51,26,41,6.4,81,24,810,910,Dakshin Dinajpur,Alluvial Soil,Pigeon Pea
55,30,45,6.2,79,27,800,900,Dakshin Dinajpur,Alluvial Soil,Pigeon Pea
47,23,37,6.1,78,26,780,880,Dakshin Dinajpur,Alluvial Soil,Pigeon Pea
53,29,43,6.3,80,25,820,920,Dakshin Dinajpur,Alluvial Soil,Pigeon Pea
50,25,40,6.2,79,27,800,900,Dakshin Dinajpur,Alluvial Soil,Pigeon Pea
48,22,38,6.1,78,26,780,880,Dakshin Dinajpur,Alluvial Soil,Pigeon Pea
52,28,42,6.3,80,25,820,920,Dakshin Dinajpur,Alluvial Soil,Pigeon Pea
49,24,39,6,77,28,790,890,Dakshin Dinajpur,Alluvial Soil,Pigeon Pea
51,26,41,6.4,81,24,810,910,Dakshin Dinajpur,Alluvial Soil,Pigeon Pea
55,30,45,6.2,79,27,800,900,Dakshin Dinajpur,Alluvial Soil,Pigeon Pea
47,23,37,6.1,78,26,780,880,Dakshin Dinajpur,Alluvial Soil,Pigeon Pea
53,29,43,6.3,80,25,820,920,Dakshin Dinajpur,Alluvial Soil,Pigeon Pea
50,25,40,6.2,79,27,800,900,Dakshin Dinajpur,Alluvial Soil,Pigeon Pea
48,22,38,6.1,78,26,780,880,Dakshin Dinajpur,Alluvial Soil,Pigeon Pea
52,28,42,6.3,80,25,820,920,Dakshin Dinajpur,Alluvial Soil,Pigeon Pea
49,24,39,6,77,28,790,890,Dakshin Dinajpur,Alluvial Soil,Pigeon Pea
51,26,41,6.4,81,24,810,910,Dakshin Dinajpur,Alluvial Soil,Pigeon Pea
55,30,45,6.2,79,27,800,900,Dakshin Dinajpur,Alluvial Soil,Pigeon Pea
47,23,37,6.1,78,26,780,880,Dakshin Dinajpur,Alluvial Soil,Pigeon Pea
53,29,43,6.3,80,25,820,920,Dakshin Dinajpur,Alluvial Soil,Pigeon Pea

